,0,1,2,3,4,5,6,7,8,9,10,11,12,13,14,15,16,17,18,19,20,21,22,23
0,99.031,0.26,0.44,0.0,0.21,0.0,0.0,0.0,0.0,0.02,0.0,0.0,885.0,0.0,0.0,30.0,0.0,30.0,30.0,30.0,825.0,30.0,0.0,232.0
1,98.833,0.25,0.44,0.08,0.18,0.0,0.0,0.0,0.08,0.12,0.0,0.0,885.0,0.0,0.0,30.0,0.0,30.0,30.0,30.0,610.0,30.0,0.0,235.0
2,98.975,0.26,0.43,0.0,0.27,0.0,0.0,0.0,0.02,0.03,0.0,0.0,885.0,0.0,0.0,30.0,0.0,30.0,30.0,30.0,1270.0,30.0,0.0,235.0
3,98.938,0.26,0.51,0.0,0.23,0.0,0.0,0.0,0.0,0.02,0.0,0.0,885.0,0.0,0.0,30.0,0.0,30.0,30.0,30.0,1740.0000000000002,30.0,0.0,241.0
4,99.082,0.22,0.42,0.02,0.19,0.0,0.0,0.0,0.0,0.02,0.0,0.0,885.0,0.0,0.0,30.0,0.0,30.0,30.0,30.0,825.0,30.0,0.0,225.0
5,98.918,0.26,0.45,0.03,0.22,0.0,0.0,0.0,0.02,0.05,0.0,0.0,885.0,0.0,0.0,30.0,0.0,30.0,30.0,30.0,825.0,30.0,0.0,272.04248291658564
6,98.861,0.28,0.5,0.0,0.27,0.0,0.0,0.0,0.02,0.03,0.0,0.0,885.0,0.0,0.0,30.0,0.0,30.0,30.0,30.0,1270.0,30.0,0.0,271.62506050605236
7,98.859,0.27,0.54,0.02,0.25,0.0,0.0,0.0,0.0,0.02,0.0,0.0,885.0,0.0,0.0,30.0,0.0,30.0,30.0,30.0,1740.0000000000002,30.0,0.0,245.0
8,98.85,0.27,0.37,0.09,0.23,0.0,0.0,0.0,0.06,0.1,0.0,0.0,885.0,0.0,0.0,30.0,0.0,30.0,30.0,30.0,610.0,30.0,0.0,275.0
9,98.966,0.22,0.47,0.0,0.26,0.0,0.0,0.0,0.02,0.02,0.0,0.0,885.0,0.0,0.0,30.0,0.0,30.0,30.0,30.0,1270.0,30.0,0.0,239.0
10,98.887,0.23,0.51,0.03,0.26,0.0,0.0,0.0,0.0,0.03,0.0,0.0,885.0,0.0,0.0,30.0,0.0,30.0,30.0,30.0,1740.0000000000002,30.0,0.0,255.0
11,98.607,0.35,0.77,0.02,0.21,0.0,0.0,0.0,0.0,0.0,30.0,0.0,865.0,24.0,24.0,550.0,0.0,30.0,30.0,30.0,825.0,865.0,60.0,397.0
12,98.469,0.35,0.74,0.0,0.3,0.0,0.0,0.0,0.0,0.1,30.0,0.0,865.0,24.0,24.0,550.0,0.0,30.0,30.0,30.0,1270.0,865.0,60.0,419.0
13,98.613,0.34,0.74,0.0,0.26,0.0,0.0,0.0,0.0,0.02,30.0,0.0,865.0,24.0,24.0,550.0,0.0,30.0,30.0,30.0,1740.0000000000002,865.0,60.0,401.0
14,98.367,0.36,0.7,0.09,0.26,0.0,0.0,0.0,0.08,0.12,30.0,0.0,865.0,24.0,24.0,550.0,0.0,30.0,30.0,30.0,610.0,865.0,60.0,425.57164980394134
15,98.61,0.33,0.75,0.02,0.21,0.0,0.0,0.0,0.0,0.03,30.0,0.0,865.0,24.0,24.0,550.0,0.0,30.0,30.0,30.0,825.0,865.0,60.0,426.0
16,98.34,0.38,0.7,0.11,0.29,0.0,0.0,0.0,0.06,0.08999999999999998,30.0,0.0,865.0,24.0,24.0,550.0,0.0,30.0,30.0,30.0,610.0,865.0,60.0,426.0
17,98.484,0.33,0.76,0.03,0.26,0.0,0.0,0.0,0.0,0.1,30.0,0.0,865.0,24.0,24.0,550.0,0.0,30.0,30.0,30.0,1270.0,865.0,60.0,454.0
18,98.586,0.32,0.73,0.03,0.26,0.0,0.0,0.0,0.02,0.02,30.0,0.0,865.0,24.0,24.0,550.0,0.0,30.0,30.0,30.0,1740.0000000000002,865.0,60.0,416.0100649041442
19,98.414,0.37,0.78,0.02,0.27,0.0,0.0,0.0,0.0,0.11,30.0,0.0,865.0,24.0,24.0,550.0,0.0,30.0,30.0,30.0,1270.0,865.0,60.0,416.0
20,98.511,0.35,0.82,0.0,0.25,0.0,0.0,0.0,0.03,0.0,30.0,0.0,865.0,24.0,24.0,550.0,0.0,30.0,30.0,30.0,825.0,865.0,60.0,395.0
21,98.575,0.37,0.72,0.02,0.24,0.0,0.0,0.0,0.02,0.02,30.0,0.0,865.0,24.0,24.0,550.0,0.0,30.0,30.0,30.0,1740.0000000000002,865.0,60.0,430.6042869284497
22,98.583,0.32,0.63,0.08,0.21,0.0,0.0,0.0,0.06,0.1,30.0,0.0,865.0,24.0,24.0,550.0,0.0,30.0,30.0,30.0,610.0,865.0,60.0,379.0
23,98.607,0.35,0.77,0.02,0.21,0.0,0.0,0.0,0.0,0.0,30.0,0.0,865.0,24.0,24.0,600.0,0.0,30.0,30.0,30.0,825.0,865.0,60.0,382.0
24,98.469,0.35,0.74,0.0,0.3,0.0,0.0,0.0,0.0,0.1,30.0,0.0,865.0,24.0,24.0,600.0,0.0,30.0,30.0,30.0,1270.0,865.0,60.0,385.0
25,98.613,0.34,0.74,0.0,0.26,0.0,0.0,0.0,0.0,0.02,30.0,0.0,865.0,24.0,24.0,600.0,0.0,30.0,30.0,30.0,1740.0000000000002,865.0,60.0,365.0
26,98.367,0.36,0.7,0.09,0.26,0.0,0.0,0.0,0.08,0.12,30.0,0.0,865.0,24.0,24.0,600.0,0.0,30.0,30.0,30.0,610.0,865.0,60.0,379.0
27,98.61,0.33,0.75,0.02,0.21,0.0,0.0,0.0,0.0,0.03,30.0,0.0,865.0,24.0,24.0,600.0,0.0,30.0,30.0,30.0,825.0,865.0,60.0,377.0
28,98.34,0.38,0.7,0.11,0.29,0.0,0.0,0.0,0.06,0.08999999999999998,30.0,0.0,865.0,24.0,24.0,600.0,0.0,30.0,30.0,30.0,610.0,865.0,60.0,394.0
29,98.484,0.33,0.76,0.03,0.26,0.0,0.0,0.0,0.0,0.1,30.0,0.0,865.0,24.0,24.0,600.0,0.0,30.0,30.0,30.0,1270.0,865.0,60.0,425.0
30,98.586,0.32,0.73,0.03,0.26,0.0,0.0,0.0,0.02,0.02,30.0,0.0,865.0,24.0,24.0,600.0,0.0,30.0,30.0,30.0,1740.0000000000002,865.0,60.0,395.0
31,98.414,0.37,0.78,0.02,0.27,0.0,0.0,0.0,0.0,0.11,30.0,0.0,865.0,24.0,24.0,600.0,0.0,30.0,30.0,30.0,1270.0,865.0,60.0,393.0
32,98.511,0.35,0.82,0.0,0.25,0.0,0.0,0.0,0.03,0.0,30.0,0.0,865.0,24.0,24.0,600.0,0.0,30.0,30.0,30.0,825.0,865.0,60.0,391.6822920976812
33,98.575,0.37,0.72,0.02,0.24,0.0,0.0,0.0,0.02,0.02,30.0,0.0,865.0,24.0,24.0,600.0,0.0,30.0,30.0,30.0,1740.0000000000002,865.0,60.0,389.0
34,98.583,0.32,0.63,0.08,0.21,0.0,0.0,0.0,0.06,0.1,30.0,0.0,865.0,24.0,24.0,600.0,0.0,30.0,30.0,30.0,610.0,865.0,60.0,383.4356516006301
35,98.607,0.35,0.77,0.02,0.21,0.0,0.0,0.0,0.0,0.0,30.0,0.0,865.0,24.0,24.0,650.0,0.0,30.0,30.0,30.0,825.0,865.0,60.0,362.3287556253409
36,98.469,0.35,0.74,0.0,0.3,0.0,0.0,0.0,0.0,0.1,30.0,0.0,865.0,24.0,24.0,650.0,0.0,30.0,30.0,30.0,1270.0,865.0,60.0,369.0
37,98.613,0.34,0.74,0.0,0.26,0.0,0.0,0.0,0.0,0.02,30.0,0.0,865.0,24.0,24.0,650.0,0.0,30.0,30.0,30.0,1740.0000000000002,865.0,60.0,363.5470545982563
38,98.367,0.36,0.7,0.09,0.26,0.0,0.0,0.0,0.08,0.12,30.0,0.0,865.0,24.0,24.0,650.0,0.0,30.0,30.0,30.0,610.0,865.0,60.0,366.60513974499145
39,98.61,0.33,0.75,0.02,0.21,0.0,0.0,0.0,0.0,0.03,30.0,0.0,865.0,24.0,24.0,650.0,0.0,30.0,30.0,30.0,825.0,865.0,60.0,359.23835947119176
40,98.34,0.38,0.7,0.11,0.29,0.0,0.0,0.0,0.06,0.08999999999999998,30.0,0.0,865.0,24.0,24.0,650.0,0.0,30.0,30.0,30.0,610.0,865.0,60.0,370.8222223094239
41,98.484,0.33,0.76,0.03,0.26,0.0,0.0,0.0,0.0,0.1,30.0,0.0,865.0,24.0,24.0,650.0,0.0,30.0,30.0,30.0,1270.0,865.0,60.0,360.2681559980949
42,98.586,0.32,0.73,0.03,0.26,0.0,0.0,0.0,0.02,0.02,30.0,0.0,865.0,24.0,24.0,650.0,0.0,30.0,30.0,30.0,1740.0000000000002,865.0,60.0,348.0
43,98.414,0.37,0.78,0.02,0.27,0.0,0.0,0.0,0.0,0.11,30.0,0.0,865.0,24.0,24.0,650.0,0.0,30.0,30.0,30.0,1270.0,865.0,60.0,368.0
44,98.511,0.35,0.82,0.0,0.25,0.0,0.0,0.0,0.03,0.0,30.0,0.0,865.0,24.0,24.0,650.0,0.0,30.0,30.0,30.0,825.0,865.0,60.0,341.0
45,98.575,0.37,0.72,0.02,0.24,0.0,0.0,0.0,0.02,0.02,30.0,0.0,865.0,24.0,24.0,650.0,0.0,30.0,30.0,30.0,1740.0000000000002,865.0,60.0,365.0
46,98.583,0.32,0.63,0.08,0.21,0.0,0.0,0.0,0.06,0.1,30.0,0.0,865.0,24.0,24.0,650.0,0.0,30.0,30.0,30.0,610.0,865.0,60.0,325.0
47,98.306,0.45000000000000007,0.79,0.02,0.25,0.0,0.0,0.0,0.02,0.13,30.0,0.0,845.0,24.0,24.0,550.0,0.0,30.0,30.0,30.0,1740.0000000000002,845.0,60.0,513.0
48,98.354,0.45000000000000007,0.76,0.02,0.26,0.0,0.0,0.0,0.0,0.11,30.0,0.0,845.0,24.0,24.0,550.0,0.0,30.0,30.0,30.0,1270.0,845.0,60.0,448.0
49,98.29,0.45000000000000007,0.71,0.13,0.24,0.0,0.0,0.0,0.12,0.06,30.0,0.0,845.0,24.0,24.0,550.0,0.0,30.0,30.0,30.0,610.0,845.0,60.0,465.0
50,98.388,0.44000000000000006,0.82,0.02,0.24,0.0,0.0,0.0,0.03,0.02,30.0,0.0,845.0,24.0,24.0,550.0,0.0,30.0,30.0,30.0,825.0,845.0,60.0,460.5195920374797
51,98.488,0.42000000000000004,0.78,0.03,0.22,0.0,0.0,0.0,0.0,0.02,30.0,0.0,845.0,24.0,24.0,550.0,0.0,30.0,30.0,30.0,825.0,845.0,60.0,437.0
52,98.354,0.48,0.75,0.0,0.25,0.0,0.0,0.0,0.02,0.1,30.0,0.0,845.0,24.0,24.0,550.0,0.0,30.0,30.0,30.0,1740.0000000000002,845.0,60.0,487.08405730465165
53,98.335,0.47,0.72,0.04,0.25,0.0,0.0,0.0,0.13,0.04,30.0,0.0,845.0,24.0,24.0,550.0,0.0,30.0,30.0,30.0,610.0,845.0,60.0,462.6807771105915
54,98.367,0.43000000000000005,0.83,0.0,0.22,0.0,0.0,0.0,0.0,0.12,30.0,0.0,845.0,24.0,24.0,550.0,0.0,30.0,30.0,30.0,1740.0000000000002,845.0,60.0,475.0
55,98.29,0.49,0.8,0.0,0.26,0.0,0.0,0.0,0.02,0.08999999999999998,30.0,0.0,845.0,24.0,24.0,550.0,0.0,30.0,30.0,30.0,1270.0,845.0,60.0,504.0
56,98.164,0.45000000000000007,0.79,0.15,0.25,0.0,0.0,0.0,0.12,0.04,30.0,0.0,845.0,24.0,24.0,550.0,0.0,30.0,30.0,30.0,610.0,845.0,60.0,486.0
57,98.496,0.42000000000000004,0.7,0.0,0.26,0.0,0.0,0.0,0.0,0.1,30.0,0.0,845.0,24.0,24.0,550.0,0.0,30.0,30.0,30.0,1270.0,845.0,60.0,452.0
58,98.306,0.45000000000000007,0.79,0.02,0.25,0.0,0.0,0.0,0.02,0.13,30.0,0.0,845.0,24.0,24.0,600.0,0.0,30.0,30.0,30.0,1740.0000000000002,845.0,60.0,459.0
59,98.354,0.45000000000000007,0.76,0.02,0.26,0.0,0.0,0.0,0.0,0.11,30.0,0.0,845.0,24.0,24.0,600.0,0.0,30.0,30.0,30.0,1270.0,845.0,60.0,434.9000116377629
60,98.29,0.45000000000000007,0.71,0.13,0.24,0.0,0.0,0.0,0.12,0.06,30.0,0.0,845.0,24.0,24.0,600.0,0.0,30.0,30.0,30.0,610.0,845.0,60.0,437.0
61,98.388,0.44000000000000006,0.82,0.02,0.24,0.0,0.0,0.0,0.03,0.02,30.0,0.0,845.0,24.0,24.0,600.0,0.0,30.0,30.0,30.0,825.0,845.0,60.0,415.0
62,98.488,0.42000000000000004,0.78,0.03,0.22,0.0,0.0,0.0,0.0,0.02,30.0,0.0,845.0,24.0,24.0,600.0,0.0,30.0,30.0,30.0,825.0,845.0,60.0,401.0
63,98.354,0.48,0.75,0.0,0.25,0.0,0.0,0.0,0.02,0.1,30.0,0.0,845.0,24.0,24.0,600.0,0.0,30.0,30.0,30.0,1740.0000000000002,845.0,60.0,463.0
64,98.335,0.47,0.72,0.04,0.25,0.0,0.0,0.0,0.13,0.04,30.0,0.0,845.0,24.0,24.0,600.0,0.0,30.0,30.0,30.0,610.0,845.0,60.0,442.0
65,98.367,0.43000000000000005,0.83,0.0,0.22,0.0,0.0,0.0,0.0,0.12,30.0,0.0,845.0,24.0,24.0,600.0,0.0,30.0,30.0,30.0,1740.0000000000002,845.0,60.0,427.12095326268775
66,98.29,0.49,0.8,0.0,0.26,0.0,0.0,0.0,0.02,0.08999999999999998,30.0,0.0,845.0,24.0,24.0,600.0,0.0,30.0,30.0,30.0,1270.0,845.0,60.0,468.0
67,98.164,0.45000000000000007,0.79,0.15,0.25,0.0,0.0,0.0,0.12,0.04,30.0,0.0,845.0,24.0,24.0,600.0,0.0,30.0,30.0,30.0,610.0,845.0,60.0,419.0729672237693
68,98.496,0.42000000000000004,0.7,0.0,0.26,0.0,0.0,0.0,0.0,0.1,30.0,0.0,845.0,24.0,24.0,600.0,0.0,30.0,30.0,30.0,1270.0,845.0,60.0,422.0
69,98.306,0.45000000000000007,0.79,0.02,0.25,0.0,0.0,0.0,0.02,0.13,30.0,0.0,845.0,24.0,24.0,650.0,0.0,30.0,30.0,30.0,1740.0000000000002,845.0,60.0,413.0
70,98.354,0.45000000000000007,0.76,0.02,0.26,0.0,0.0,0.0,0.0,0.11,30.0,0.0,845.0,24.0,24.0,650.0,0.0,30.0,30.0,30.0,1270.0,845.0,60.0,402.0978826629504
71,98.29,0.45000000000000007,0.71,0.13,0.24,0.0,0.0,0.0,0.12,0.06,30.0,0.0,845.0,24.0,24.0,650.0,0.0,30.0,30.0,30.0,610.0,845.0,60.0,383.85284753213944
72,98.388,0.44000000000000006,0.82,0.02,0.24,0.0,0.0,0.0,0.03,0.02,30.0,0.0,845.0,24.0,24.0,650.0,0.0,30.0,30.0,30.0,825.0,845.0,60.0,378.0
73,98.488,0.42000000000000004,0.78,0.03,0.22,0.0,0.0,0.0,0.0,0.02,30.0,0.0,845.0,24.0,24.0,650.0,0.0,30.0,30.0,30.0,825.0,845.0,60.0,372.0
74,98.354,0.48,0.75,0.0,0.25,0.0,0.0,0.0,0.02,0.1,30.0,0.0,845.0,24.0,24.0,650.0,0.0,30.0,30.0,30.0,1740.0000000000002,845.0,60.0,415.0
75,98.335,0.47,0.72,0.04,0.25,0.0,0.0,0.0,0.13,0.04,30.0,0.0,845.0,24.0,24.0,650.0,0.0,30.0,30.0,30.0,610.0,845.0,60.0,396.0
76,98.367,0.43000000000000005,0.83,0.0,0.22,0.0,0.0,0.0,0.0,0.12,30.0,0.0,845.0,24.0,24.0,650.0,0.0,30.0,30.0,30.0,1740.0000000000002,845.0,60.0,395.2866734093759
77,98.29,0.49,0.8,0.0,0.26,0.0,0.0,0.0,0.02,0.08999999999999998,30.0,0.0,845.0,24.0,24.0,650.0,0.0,30.0,30.0,30.0,1270.0,845.0,60.0,413.96318343491913
78,98.164,0.45000000000000007,0.79,0.15,0.25,0.0,0.0,0.0,0.12,0.04,30.0,0.0,845.0,24.0,24.0,650.0,0.0,30.0,30.0,30.0,610.0,845.0,60.0,398.0
79,98.496,0.42000000000000004,0.7,0.0,0.26,0.0,0.0,0.0,0.0,0.1,30.0,0.0,845.0,24.0,24.0,650.0,0.0,30.0,30.0,30.0,1270.0,845.0,60.0,390.38533660026445
80,98.34,0.55,0.76,0.0,0.23,0.0,0.0,0.0,0.0,0.08999999999999998,30.0,0.0,825.0,24.0,24.0,550.0,0.0,30.0,30.0,30.0,1740.0000000000002,825.0,60.0,523.0
81,98.257,0.54,0.76,0.0,0.26,0.0,0.0,0.0,0.02,0.12,30.0,0.0,825.0,24.0,24.0,550.0,0.0,30.0,30.0,30.0,1270.0,825.0,60.0,534.0
82,98.219,0.52,0.83,0.02,0.29,0.0,0.0,0.0,0.04,0.04,30.0,0.0,825.0,24.0,24.0,550.0,0.0,30.0,30.0,30.0,825.0,825.0,60.0,489.0
83,98.485,0.56,0.37,0.11,0.26,0.0,0.0,0.0,0.04,0.13,30.0,0.0,825.0,24.0,24.0,550.0,0.0,30.0,30.0,30.0,660.0,825.0,60.0,539.5256707351359
84,98.478,0.54,0.75,0.0,0.2,0.0,0.0,0.0,0.0,0.0,30.0,0.0,825.0,24.0,24.0,550.0,0.0,30.0,30.0,30.0,825.0,825.0,60.0,495.0
85,98.285,0.57,0.74,0.02,0.23,0.0,0.0,0.0,0.0,0.12,30.0,0.0,825.0,24.0,24.0,550.0,0.0,30.0,30.0,30.0,1740.0000000000002,825.0,60.0,532.0262672208471
86,98.155,0.53,0.83,0.0,0.3,0.0,0.0,0.0,0.02,0.12,30.0,0.0,825.0,24.0,24.0,550.0,0.0,30.0,30.0,30.0,1270.0,825.0,60.0,531.0
87,98.144,0.57,0.82,0.0,0.3,0.0,0.0,0.0,0.02,0.1,30.0,0.0,825.0,24.0,24.0,550.0,0.0,30.0,30.0,30.0,1270.0,825.0,60.0,533.0
88,98.327,0.56,0.68,0.03,0.25,0.0,0.0,0.0,0.03,0.1,30.0,0.0,825.0,24.0,24.0,550.0,0.0,30.0,30.0,30.0,610.0,825.0,60.0,492.0
89,98.288,0.52,0.8,0.02,0.21,0.0,0.0,0.0,0.02,0.1,30.0,0.0,825.0,24.0,24.0,550.0,0.0,30.0,30.0,30.0,1740.0000000000002,825.0,60.0,505.0
90,98.073,0.54,0.7,0.22,0.27,0.0,0.0,0.0,0.06,0.1,30.0,0.0,825.0,24.0,24.0,550.0,0.0,30.0,30.0,30.0,610.0,825.0,60.0,541.0
91,98.34,0.55,0.76,0.0,0.23,0.0,0.0,0.0,0.0,0.08999999999999998,30.0,0.0,825.0,24.0,24.0,600.0,0.0,30.0,30.0,30.0,1740.0000000000002,825.0,60.0,468.0
92,98.257,0.54,0.76,0.0,0.26,0.0,0.0,0.0,0.02,0.12,30.0,0.0,825.0,24.0,24.0,600.0,0.0,30.0,30.0,30.0,1270.0,825.0,60.0,459.0
93,98.219,0.52,0.83,0.02,0.29,0.0,0.0,0.0,0.04,0.04,30.0,0.0,825.0,24.0,24.0,600.0,0.0,30.0,30.0,30.0,825.0,825.0,60.0,469.74628995389276
94,98.485,0.56,0.37,0.11,0.26,0.0,0.0,0.0,0.04,0.13,30.0,0.0,825.0,24.0,24.0,600.0,0.0,30.0,30.0,30.0,660.0,825.0,60.0,458.0
95,98.478,0.54,0.75,0.0,0.2,0.0,0.0,0.0,0.0,0.0,30.0,0.0,825.0,24.0,24.0,600.0,0.0,30.0,30.0,30.0,825.0,825.0,60.0,445.0
96,98.285,0.57,0.74,0.02,0.23,0.0,0.0,0.0,0.0,0.12,30.0,0.0,825.0,24.0,24.0,600.0,0.0,30.0,30.0,30.0,1740.0000000000002,825.0,60.0,489.52882287496465
97,98.155,0.53,0.83,0.0,0.3,0.0,0.0,0.0,0.02,0.12,30.0,0.0,825.0,24.0,24.0,600.0,0.0,30.0,30.0,30.0,1270.0,825.0,60.0,466.0
98,98.144,0.57,0.82,0.0,0.3,0.0,0.0,0.0,0.02,0.1,30.0,0.0,825.0,24.0,24.0,600.0,0.0,30.0,30.0,30.0,1270.0,825.0,60.0,492.0642663325729
99,98.327,0.56,0.68,0.03,0.25,0.0,0.0,0.0,0.03,0.1,30.0,0.0,825.0,24.0,24.0,600.0,0.0,30.0,30.0,30.0,610.0,825.0,60.0,486.5820935099001
100,98.288,0.52,0.8,0.02,0.21,0.0,0.0,0.0,0.02,0.1,30.0,0.0,825.0,24.0,24.0,600.0,0.0,30.0,30.0,30.0,1740.0000000000002,825.0,60.0,471.00384529095606
101,98.073,0.54,0.7,0.22,0.27,0.0,0.0,0.0,0.06,0.1,30.0,0.0,825.0,24.0,24.0,600.0,0.0,30.0,30.0,30.0,610.0,825.0,60.0,475.0
102,98.34,0.55,0.76,0.0,0.23,0.0,0.0,0.0,0.0,0.08999999999999998,30.0,0.0,825.0,24.0,24.0,650.0,0.0,30.0,30.0,30.0,1740.0000000000002,825.0,60.0,442.3028703795651
103,98.257,0.54,0.76,0.0,0.26,0.0,0.0,0.0,0.02,0.12,30.0,0.0,825.0,24.0,24.0,650.0,0.0,30.0,30.0,30.0,1270.0,825.0,60.0,418.0
104,98.219,0.52,0.83,0.02,0.29,0.0,0.0,0.0,0.04,0.04,30.0,0.0,825.0,24.0,24.0,650.0,0.0,30.0,30.0,30.0,825.0,825.0,60.0,402.0
105,98.485,0.56,0.37,0.11,0.26,0.0,0.0,0.0,0.04,0.13,30.0,0.0,825.0,24.0,24.0,650.0,0.0,30.0,30.0,30.0,660.0,825.0,60.0,456.75946505542424
106,98.478,0.54,0.75,0.0,0.2,0.0,0.0,0.0,0.0,0.0,30.0,0.0,825.0,24.0,24.0,650.0,0.0,30.0,30.0,30.0,825.0,825.0,60.0,411.0
107,98.285,0.57,0.74,0.02,0.23,0.0,0.0,0.0,0.0,0.12,30.0,0.0,825.0,24.0,24.0,650.0,0.0,30.0,30.0,30.0,1740.0000000000002,825.0,60.0,450.67651168546365
108,98.155,0.53,0.83,0.0,0.3,0.0,0.0,0.0,0.02,0.12,30.0,0.0,825.0,24.0,24.0,650.0,0.0,30.0,30.0,30.0,1270.0,825.0,60.0,415.0
109,98.144,0.57,0.82,0.0,0.3,0.0,0.0,0.0,0.02,0.1,30.0,0.0,825.0,24.0,24.0,650.0,0.0,30.0,30.0,30.0,1270.0,825.0,60.0,425.0
110,98.327,0.56,0.68,0.03,0.25,0.0,0.0,0.0,0.03,0.1,30.0,0.0,825.0,24.0,24.0,650.0,0.0,30.0,30.0,30.0,610.0,825.0,60.0,448.11275475495904
111,98.288,0.52,0.8,0.02,0.21,0.0,0.0,0.0,0.02,0.1,30.0,0.0,825.0,24.0,24.0,650.0,0.0,30.0,30.0,30.0,1740.0000000000002,825.0,60.0,410.0
112,98.073,0.54,0.7,0.22,0.27,0.0,0.0,0.0,0.06,0.1,30.0,0.0,825.0,24.0,24.0,650.0,0.0,30.0,30.0,30.0,610.0,825.0,60.0,424.31422388346317
113,97.385,0.43000000000000005,0.74,0.02,0.24,0.0,0.0,0.0,0.03,1.12,30.0,0.0,870.0,24.0,8.0,550.0,0.0,30.0,30.0,30.0,1740.0000000000002,855.0,60.0,582.0
114,97.58,0.42000000000000004,0.71,0.04,0.27,0.0,0.0,0.0,0.02,0.96,30.0,0.0,870.0,24.0,8.0,550.0,0.0,30.0,30.0,30.0,820.0,855.0,60.0,524.0
115,97.198,0.4,0.78,0.13,0.31,0.0,0.0,0.0,0.07,1.1,30.0,0.0,870.0,24.0,8.0,550.0,0.0,30.0,30.0,30.0,1120.0,855.0,60.0,583.0
116,97.52,0.42000000000000004,0.72,0.0,0.22,0.0,0.0,0.0,0.03,1.06,30.0,0.0,870.0,24.0,8.0,550.0,0.0,30.0,30.0,30.0,1740.0000000000002,855.0,60.0,587.0004481848262
117,97.469,0.39,0.73,0.11,0.25,0.0,0.0,0.0,0.06,0.98,30.0,0.0,870.0,24.0,8.0,550.0,0.0,30.0,30.0,30.0,820.0,855.0,60.0,536.0
118,97.276,0.42000000000000004,0.81,0.04,0.32,0.0,0.0,0.0,0.03,1.09,30.0,0.0,870.0,24.0,8.0,550.0,0.0,30.0,30.0,30.0,1120.0,855.0,60.0,577.0
119,97.51,0.42000000000000004,0.78,0.05,0.26,0.0,0.0,0.0,0.04,0.94,30.0,0.0,870.0,24.0,8.0,550.0,0.0,30.0,30.0,30.0,820.0,855.0,60.0,565.0
120,97.286,0.4,0.79,0.04,0.32,0.0,0.0,0.0,0.05,1.09,30.0,0.0,870.0,24.0,8.0,550.0,0.0,30.0,30.0,30.0,1120.0,855.0,60.0,562.0
121,97.385,0.43000000000000005,0.74,0.02,0.24,0.0,0.0,0.0,0.03,1.12,30.0,0.0,870.0,24.0,8.0,600.0,0.0,30.0,30.0,30.0,1740.0000000000002,855.0,60.0,544.5090145203408
122,97.58,0.42000000000000004,0.71,0.04,0.27,0.0,0.0,0.0,0.02,0.96,30.0,0.0,870.0,24.0,8.0,600.0,0.0,30.0,30.0,30.0,820.0,855.0,60.0,504.0
123,97.198,0.4,0.78,0.13,0.31,0.0,0.0,0.0,0.07,1.1,30.0,0.0,870.0,24.0,8.0,600.0,0.0,30.0,30.0,30.0,1120.0,855.0,60.0,512.955755591769
124,97.52,0.42000000000000004,0.72,0.0,0.22,0.0,0.0,0.0,0.03,1.06,30.0,0.0,870.0,24.0,8.0,600.0,0.0,30.0,30.0,30.0,1740.0000000000002,855.0,60.0,517.0
125,97.469,0.39,0.73,0.11,0.25,0.0,0.0,0.0,0.06,0.98,30.0,0.0,870.0,24.0,8.0,600.0,0.0,30.0,30.0,30.0,820.0,855.0,60.0,504.4196964715666
126,97.276,0.42000000000000004,0.81,0.04,0.32,0.0,0.0,0.0,0.03,1.09,30.0,0.0,870.0,24.0,8.0,600.0,0.0,30.0,30.0,30.0,1120.0,855.0,60.0,518.0
127,97.51,0.42000000000000004,0.78,0.05,0.26,0.0,0.0,0.0,0.04,0.94,30.0,0.0,870.0,24.0,8.0,600.0,0.0,30.0,30.0,30.0,820.0,855.0,60.0,524.0
128,97.286,0.4,0.79,0.04,0.32,0.0,0.0,0.0,0.05,1.09,30.0,0.0,870.0,24.0,8.0,600.0,0.0,30.0,30.0,30.0,1120.0,855.0,60.0,503.0
129,97.385,0.43000000000000005,0.74,0.02,0.24,0.0,0.0,0.0,0.03,1.12,30.0,0.0,870.0,24.0,8.0,650.0,0.0,30.0,30.0,30.0,1740.0000000000002,855.0,60.0,501.12935169343393
130,97.58,0.42000000000000004,0.71,0.04,0.27,0.0,0.0,0.0,0.02,0.96,30.0,0.0,870.0,24.0,8.0,650.0,0.0,30.0,30.0,30.0,820.0,855.0,60.0,457.0
131,97.198,0.4,0.78,0.13,0.31,0.0,0.0,0.0,0.07,1.1,30.0,0.0,870.0,24.0,8.0,650.0,0.0,30.0,30.0,30.0,1120.0,855.0,60.0,472.1559980092635
132,97.52,0.42000000000000004,0.72,0.0,0.22,0.0,0.0,0.0,0.03,1.06,30.0,0.0,870.0,24.0,8.0,650.0,0.0,30.0,30.0,30.0,1740.0000000000002,855.0,60.0,497.5801449858547
133,97.469,0.39,0.73,0.11,0.25,0.0,0.0,0.0,0.06,0.98,30.0,0.0,870.0,24.0,8.0,650.0,0.0,30.0,30.0,30.0,820.0,855.0,60.0,464.38835705291854
134,97.276,0.42000000000000004,0.81,0.04,0.32,0.0,0.0,0.0,0.03,1.09,30.0,0.0,870.0,24.0,8.0,650.0,0.0,30.0,30.0,30.0,1120.0,855.0,60.0,490.0
135,97.51,0.42000000000000004,0.78,0.05,0.26,0.0,0.0,0.0,0.04,0.94,30.0,0.0,870.0,24.0,8.0,650.0,0.0,30.0,30.0,30.0,820.0,855.0,60.0,476.81784223783217
136,97.286,0.4,0.79,0.04,0.32,0.0,0.0,0.0,0.05,1.09,30.0,0.0,870.0,24.0,8.0,650.0,0.0,30.0,30.0,30.0,1120.0,855.0,60.0,488.36171535126755
137,97.167,0.36,0.73,0.19,0.3,0.0,0.0,0.0,0.05,1.01,30.0,0.0,870.0,24.0,8.0,550.0,0.0,30.0,30.0,30.0,820.0,855.0,60.0,587.0
138,97.419,0.35,0.7,0.0,0.3,0.0,0.0,0.0,0.02,1.03,30.0,0.0,870.0,24.0,8.0,550.0,0.0,30.0,30.0,30.0,1250.0,855.0,60.0,571.0
139,97.298,0.36,0.79,0.04,0.27,0.0,0.0,0.0,0.03,1.03,30.0,0.0,870.0,24.0,8.0,550.0,0.0,30.0,30.0,30.0,1120.0,855.0,60.0,582.3714182503913
140,97.284,0.36,0.81,0.08,0.23,0.0,0.0,0.0,0.05,0.99,30.0,0.0,870.0,24.0,8.0,550.0,0.0,30.0,30.0,30.0,530.0,855.0,60.0,526.0
141,97.26,0.34,0.72,0.1,0.25,0.0,0.0,0.0,0.12,1.01,30.0,0.0,870.0,24.0,8.0,550.0,0.0,30.0,30.0,30.0,500.0,855.0,60.0,535.0
142,97.224,0.36,0.74,0.12,0.35,0.0,0.0,0.0,0.05,0.97,30.0,0.0,870.0,24.0,8.0,550.0,0.0,30.0,30.0,30.0,740.0,855.0,60.0,572.0
143,97.211,0.37,0.82,0.05,0.23,0.0,0.0,0.0,0.04,1.09,30.0,0.0,870.0,24.0,8.0,550.0,0.0,30.0,30.0,30.0,530.0,855.0,60.0,562.0
144,97.123,0.35,0.8,0.18,0.25,0.0,0.0,0.0,0.08,0.99,30.0,0.0,870.0,24.0,8.0,550.0,0.0,30.0,30.0,30.0,1120.0,855.0,60.0,568.1413744965648
145,97.387,0.35,0.71,0.02,0.25,0.0,0.0,0.0,0.02,1.06,30.0,0.0,870.0,24.0,8.0,550.0,0.0,30.0,30.0,30.0,1740.0000000000002,855.0,60.0,594.6063759282752
146,97.435,0.33,0.69,0.05,0.27,0.0,0.0,0.0,0.04,0.99,30.0,0.0,870.0,24.0,8.0,550.0,0.0,30.0,30.0,30.0,640.0,855.0,60.0,585.0
147,97.476,0.35,0.7,0.02,0.25,0.0,0.0,0.0,0.0,1.0,30.0,0.0,870.0,24.0,8.0,550.0,0.0,30.0,30.0,30.0,820.0,855.0,60.0,592.0
148,97.153,0.37,0.76,0.12,0.29,0.0,0.0,0.0,0.12,1.01,30.0,0.0,870.0,24.0,8.0,550.0,0.0,30.0,30.0,30.0,500.0,855.0,60.0,574.5344100044314
149,97.103,0.38,0.8,0.12,0.27,0.0,0.0,0.0,0.07,1.07,30.0,0.0,870.0,24.0,8.0,550.0,0.0,30.0,30.0,30.0,1120.0,855.0,60.0,536.0
150,97.188,0.34,0.71,0.12,0.29,0.0,0.0,0.0,0.11000000000000001,1.05,30.0,0.0,870.0,24.0,8.0,550.0,0.0,30.0,30.0,30.0,500.0,855.0,60.0,557.0
151,97.167,0.36,0.73,0.19,0.3,0.0,0.0,0.0,0.05,1.01,30.0,0.0,870.0,24.0,8.0,600.0,0.0,30.0,30.0,30.0,820.0,855.0,60.0,552.0
152,97.419,0.35,0.7,0.0,0.3,0.0,0.0,0.0,0.02,1.03,30.0,0.0,870.0,24.0,8.0,600.0,0.0,30.0,30.0,30.0,1250.0,855.0,60.0,519.0
153,97.298,0.36,0.79,0.04,0.27,0.0,0.0,0.0,0.03,1.03,30.0,0.0,870.0,24.0,8.0,600.0,0.0,30.0,30.0,30.0,1120.0,855.0,60.0,524.0
154,97.284,0.36,0.81,0.08,0.23,0.0,0.0,0.0,0.05,0.99,30.0,0.0,870.0,24.0,8.0,600.0,0.0,30.0,30.0,30.0,530.0,855.0,60.0,534.9332513146646
155,97.26,0.34,0.72,0.1,0.25,0.0,0.0,0.0,0.12,1.01,30.0,0.0,870.0,24.0,8.0,600.0,0.0,30.0,30.0,30.0,500.0,855.0,60.0,490.0
156,97.224,0.36,0.74,0.12,0.35,0.0,0.0,0.0,0.05,0.97,30.0,0.0,870.0,24.0,8.0,600.0,0.0,30.0,30.0,30.0,740.0,855.0,60.0,550.0
157,97.211,0.37,0.82,0.05,0.23,0.0,0.0,0.0,0.04,1.09,30.0,0.0,870.0,24.0,8.0,600.0,0.0,30.0,30.0,30.0,530.0,855.0,60.0,515.0
158,97.123,0.35,0.8,0.18,0.25,0.0,0.0,0.0,0.08,0.99,30.0,0.0,870.0,24.0,8.0,600.0,0.0,30.0,30.0,30.0,1120.0,855.0,60.0,523.1048630286912
159,97.387,0.35,0.71,0.02,0.25,0.0,0.0,0.0,0.02,1.06,30.0,0.0,870.0,24.0,8.0,600.0,0.0,30.0,30.0,30.0,1740.0000000000002,855.0,60.0,546.0
160,97.435,0.33,0.69,0.05,0.27,0.0,0.0,0.0,0.04,0.99,30.0,0.0,870.0,24.0,8.0,600.0,0.0,30.0,30.0,30.0,640.0,855.0,60.0,535.0
161,97.476,0.35,0.7,0.02,0.25,0.0,0.0,0.0,0.0,1.0,30.0,0.0,870.0,24.0,8.0,600.0,0.0,30.0,30.0,30.0,820.0,855.0,60.0,550.0
162,97.153,0.37,0.76,0.12,0.29,0.0,0.0,0.0,0.12,1.01,30.0,0.0,870.0,24.0,8.0,600.0,0.0,30.0,30.0,30.0,500.0,855.0,60.0,542.0
163,97.103,0.38,0.8,0.12,0.27,0.0,0.0,0.0,0.07,1.07,30.0,0.0,870.0,24.0,8.0,600.0,0.0,30.0,30.0,30.0,1120.0,855.0,60.0,592.0
164,97.188,0.34,0.71,0.12,0.29,0.0,0.0,0.0,0.11000000000000001,1.05,30.0,0.0,870.0,24.0,8.0,600.0,0.0,30.0,30.0,30.0,500.0,855.0,60.0,530.3636379724124
165,97.167,0.36,0.73,0.19,0.3,0.0,0.0,0.0,0.05,1.01,30.0,0.0,870.0,24.0,8.0,650.0,0.0,30.0,30.0,30.0,820.0,855.0,60.0,483.4329278464938
166,97.419,0.35,0.7,0.0,0.3,0.0,0.0,0.0,0.02,1.03,30.0,0.0,870.0,24.0,8.0,650.0,0.0,30.0,30.0,30.0,1250.0,855.0,60.0,491.0
167,97.298,0.36,0.79,0.04,0.27,0.0,0.0,0.0,0.03,1.03,30.0,0.0,870.0,24.0,8.0,650.0,0.0,30.0,30.0,30.0,1120.0,855.0,60.0,463.0
168,97.284,0.36,0.81,0.08,0.23,0.0,0.0,0.0,0.05,0.99,30.0,0.0,870.0,24.0,8.0,650.0,0.0,30.0,30.0,30.0,530.0,855.0,60.0,464.0
169,97.26,0.34,0.72,0.1,0.25,0.0,0.0,0.0,0.12,1.01,30.0,0.0,870.0,24.0,8.0,650.0,0.0,30.0,30.0,30.0,500.0,855.0,60.0,459.0
170,97.224,0.36,0.74,0.12,0.35,0.0,0.0,0.0,0.05,0.97,30.0,0.0,870.0,24.0,8.0,650.0,0.0,30.0,30.0,30.0,740.0,855.0,60.0,489.0
171,97.211,0.37,0.82,0.05,0.23,0.0,0.0,0.0,0.04,1.09,30.0,0.0,870.0,24.0,8.0,650.0,0.0,30.0,30.0,30.0,530.0,855.0,60.0,477.0
172,97.123,0.35,0.8,0.18,0.25,0.0,0.0,0.0,0.08,0.99,30.0,0.0,870.0,24.0,8.0,650.0,0.0,30.0,30.0,30.0,1120.0,855.0,60.0,469.0
173,97.387,0.35,0.71,0.02,0.25,0.0,0.0,0.0,0.02,1.06,30.0,0.0,870.0,24.0,8.0,650.0,0.0,30.0,30.0,30.0,1740.0000000000002,855.0,60.0,496.0
174,97.435,0.33,0.69,0.05,0.27,0.0,0.0,0.0,0.04,0.99,30.0,0.0,870.0,24.0,8.0,650.0,0.0,30.0,30.0,30.0,640.0,855.0,60.0,486.72108692230034
175,97.476,0.35,0.7,0.02,0.25,0.0,0.0,0.0,0.0,1.0,30.0,0.0,870.0,24.0,8.0,650.0,0.0,30.0,30.0,30.0,820.0,855.0,60.0,511.0
176,97.153,0.37,0.76,0.12,0.29,0.0,0.0,0.0,0.12,1.01,30.0,0.0,870.0,24.0,8.0,650.0,0.0,30.0,30.0,30.0,500.0,855.0,60.0,490.0
177,97.103,0.38,0.8,0.12,0.27,0.0,0.0,0.0,0.07,1.07,30.0,0.0,870.0,24.0,8.0,650.0,0.0,30.0,30.0,30.0,1120.0,855.0,60.0,523.0
178,97.188,0.34,0.71,0.12,0.29,0.0,0.0,0.0,0.11000000000000001,1.05,30.0,0.0,870.0,24.0,8.0,650.0,0.0,30.0,30.0,30.0,500.0,855.0,60.0,488.16457075329447
179,97.201,0.41,0.77,0.05,0.24,0.0,0.0,0.0,0.04,1.06,30.0,0.0,870.0,24.0,8.0,550.0,0.0,30.0,30.0,30.0,530.0,855.0,60.0,614.7347099647413
180,97.111,0.39,0.8599999999999999,0.12,0.27,0.0,0.0,0.0,0.1,0.96,30.0,0.0,870.0,24.0,8.0,550.0,0.0,30.0,30.0,30.0,500.0,855.0,60.0,581.0
181,97.209,0.43000000000000005,0.74,0.02,0.26,0.0,0.0,0.0,0.02,1.07,30.0,0.0,870.0,24.0,8.0,550.0,0.0,30.0,30.0,30.0,1740.0000000000002,855.0,60.0,625.0
182,97.222,0.4,0.77,0.13,0.26,0.0,0.0,0.0,0.05,0.98,30.0,0.0,870.0,24.0,8.0,550.0,0.0,30.0,30.0,30.0,610.0,855.0,60.0,562.0
183,97.181,0.41,0.8,0.1,0.24,0.0,0.0,0.0,0.03,1.02,30.0,0.0,870.0,24.0,8.0,550.0,0.0,30.0,30.0,30.0,510.0,855.0,60.0,635.0
184,97.288,0.41,0.74,0.08,0.25,0.0,0.0,0.0,0.05,0.99,30.0,0.0,870.0,24.0,8.0,550.0,0.0,30.0,30.0,30.0,700.0,855.0,60.0,566.0
185,97.011,0.39,0.77,0.15,0.28,0.0,0.0,0.0,0.09,1.08,30.0,0.0,870.0,24.0,8.0,550.0,0.0,30.0,30.0,30.0,1120.0,855.0,60.0,596.7190873004557
186,97.436,0.37,0.69,0.02,0.24,0.0,0.0,0.0,0.02,1.0,30.0,0.0,870.0,24.0,8.0,550.0,0.0,30.0,30.0,30.0,1740.0000000000002,855.0,60.0,606.0
187,97.028,0.42000000000000004,0.77,0.09,0.29,0.0,0.0,0.0,0.12,1.1,30.0,0.0,870.0,24.0,8.0,550.0,0.0,30.0,30.0,30.0,500.0,855.0,60.0,582.0
188,97.135,0.42000000000000004,0.75,0.12,0.28,0.0,0.0,0.0,0.07,1.04,30.0,0.0,870.0,24.0,8.0,550.0,0.0,30.0,30.0,30.0,820.0,855.0,60.0,634.0
189,97.099,0.4,0.74,0.15,0.26,0.0,0.0,0.0,0.13,1.01,30.0,0.0,870.0,24.0,8.0,550.0,0.0,30.0,30.0,30.0,500.0,855.0,60.0,585.0
190,97.034,0.4,0.8699999999999999,0.11,0.25,0.0,0.0,0.0,0.07,1.06,30.0,0.0,870.0,24.0,8.0,550.0,0.0,30.0,30.0,30.0,700.0,855.0,60.0,603.0
191,97.41,0.4,0.7,0.12,0.22,0.0,0.0,0.0,0.04,0.94,30.0,0.0,870.0,24.0,8.0,550.0,0.0,30.0,30.0,30.0,820.0,855.0,60.0,580.1461432084125
192,97.088,0.4,0.74,0.1,0.25,0.0,0.0,0.0,0.24,0.96,30.0,0.0,870.0,24.0,8.0,550.0,0.0,30.0,30.0,30.0,510.0,855.0,60.0,631.0
193,97.221,0.44000000000000006,0.75,0.02,0.26,0.0,0.0,0.0,0.02,1.05,30.0,0.0,870.0,24.0,8.0,550.0,0.0,30.0,30.0,30.0,1740.0000000000002,855.0,60.0,625.0
194,97.201,0.41,0.77,0.05,0.24,0.0,0.0,0.0,0.04,1.06,30.0,0.0,870.0,24.0,8.0,600.0,0.0,30.0,30.0,30.0,530.0,855.0,60.0,551.0
195,97.111,0.39,0.8599999999999999,0.12,0.27,0.0,0.0,0.0,0.1,0.96,30.0,0.0,870.0,24.0,8.0,600.0,0.0,30.0,30.0,30.0,500.0,855.0,60.0,539.0
196,97.209,0.43000000000000005,0.74,0.02,0.26,0.0,0.0,0.0,0.02,1.07,30.0,0.0,870.0,24.0,8.0,600.0,0.0,30.0,30.0,30.0,1740.0000000000002,855.0,60.0,585.1840145148074
197,97.222,0.4,0.77,0.13,0.26,0.0,0.0,0.0,0.05,0.98,30.0,0.0,870.0,24.0,8.0,600.0,0.0,30.0,30.0,30.0,610.0,855.0,60.0,550.0
198,97.181,0.41,0.8,0.1,0.24,0.0,0.0,0.0,0.03,1.02,30.0,0.0,870.0,24.0,8.0,600.0,0.0,30.0,30.0,30.0,510.0,855.0,60.0,590.0
199,97.288,0.41,0.74,0.08,0.25,0.0,0.0,0.0,0.05,0.99,30.0,0.0,870.0,24.0,8.0,600.0,0.0,30.0,30.0,30.0,700.0,855.0,60.0,527.0
200,97.011,0.39,0.77,0.15,0.28,0.0,0.0,0.0,0.09,1.08,30.0,0.0,870.0,24.0,8.0,600.0,0.0,30.0,30.0,30.0,1120.0,855.0,60.0,557.0
201,97.436,0.37,0.69,0.02,0.24,0.0,0.0,0.0,0.02,1.0,30.0,0.0,870.0,24.0,8.0,600.0,0.0,30.0,30.0,30.0,1740.0000000000002,855.0,60.0,551.0
202,97.028,0.42000000000000004,0.77,0.09,0.29,0.0,0.0,0.0,0.12,1.1,30.0,0.0,870.0,24.0,8.0,600.0,0.0,30.0,30.0,30.0,500.0,855.0,60.0,583.0
203,97.135,0.42000000000000004,0.75,0.12,0.28,0.0,0.0,0.0,0.07,1.04,30.0,0.0,870.0,24.0,8.0,600.0,0.0,30.0,30.0,30.0,820.0,855.0,60.0,548.6541702226973
204,97.099,0.4,0.74,0.15,0.26,0.0,0.0,0.0,0.13,1.01,30.0,0.0,870.0,24.0,8.0,600.0,0.0,30.0,30.0,30.0,500.0,855.0,60.0,543.0
205,97.034,0.4,0.8699999999999999,0.11,0.25,0.0,0.0,0.0,0.07,1.06,30.0,0.0,870.0,24.0,8.0,600.0,0.0,30.0,30.0,30.0,700.0,855.0,60.0,543.0
206,97.41,0.4,0.7,0.12,0.22,0.0,0.0,0.0,0.04,0.94,30.0,0.0,870.0,24.0,8.0,600.0,0.0,30.0,30.0,30.0,820.0,855.0,60.0,563.0
207,97.088,0.4,0.74,0.1,0.25,0.0,0.0,0.0,0.24,0.96,30.0,0.0,870.0,24.0,8.0,600.0,0.0,30.0,30.0,30.0,510.0,855.0,60.0,577.0
208,97.221,0.44000000000000006,0.75,0.02,0.26,0.0,0.0,0.0,0.02,1.05,30.0,0.0,870.0,24.0,8.0,600.0,0.0,30.0,30.0,30.0,1740.0000000000002,855.0,60.0,584.817391708832
209,97.201,0.41,0.77,0.05,0.24,0.0,0.0,0.0,0.04,1.06,30.0,0.0,870.0,24.0,8.0,650.0,0.0,30.0,30.0,30.0,530.0,855.0,60.0,490.0
210,97.111,0.39,0.8599999999999999,0.12,0.27,0.0,0.0,0.0,0.1,0.96,30.0,0.0,870.0,24.0,8.0,650.0,0.0,30.0,30.0,30.0,500.0,855.0,60.0,486.59063500451686
211,97.209,0.43000000000000005,0.74,0.02,0.26,0.0,0.0,0.0,0.02,1.07,30.0,0.0,870.0,24.0,8.0,650.0,0.0,30.0,30.0,30.0,1740.0000000000002,855.0,60.0,511.0
212,97.222,0.4,0.77,0.13,0.26,0.0,0.0,0.0,0.05,0.98,30.0,0.0,870.0,24.0,8.0,650.0,0.0,30.0,30.0,30.0,610.0,855.0,60.0,494.0
213,97.181,0.41,0.8,0.1,0.24,0.0,0.0,0.0,0.03,1.02,30.0,0.0,870.0,24.0,8.0,650.0,0.0,30.0,30.0,30.0,510.0,855.0,60.0,517.0
214,97.288,0.41,0.74,0.08,0.25,0.0,0.0,0.0,0.05,0.99,30.0,0.0,870.0,24.0,8.0,650.0,0.0,30.0,30.0,30.0,700.0,855.0,60.0,510.8523909729569
215,97.011,0.39,0.77,0.15,0.28,0.0,0.0,0.0,0.09,1.08,30.0,0.0,870.0,24.0,8.0,650.0,0.0,30.0,30.0,30.0,1120.0,855.0,60.0,502.0
216,97.436,0.37,0.69,0.02,0.24,0.0,0.0,0.0,0.02,1.0,30.0,0.0,870.0,24.0,8.0,650.0,0.0,30.0,30.0,30.0,1740.0000000000002,855.0,60.0,504.0
217,97.028,0.42000000000000004,0.77,0.09,0.29,0.0,0.0,0.0,0.12,1.1,30.0,0.0,870.0,24.0,8.0,650.0,0.0,30.0,30.0,30.0,500.0,855.0,60.0,505.0
218,97.135,0.42000000000000004,0.75,0.12,0.28,0.0,0.0,0.0,0.07,1.04,30.0,0.0,870.0,24.0,8.0,650.0,0.0,30.0,30.0,30.0,820.0,855.0,60.0,502.0
219,97.099,0.4,0.74,0.15,0.26,0.0,0.0,0.0,0.13,1.01,30.0,0.0,870.0,24.0,8.0,650.0,0.0,30.0,30.0,30.0,500.0,855.0,60.0,501.9138175138441
220,97.034,0.4,0.8699999999999999,0.11,0.25,0.0,0.0,0.0,0.07,1.06,30.0,0.0,870.0,24.0,8.0,650.0,0.0,30.0,30.0,30.0,700.0,855.0,60.0,503.4436653459634
221,97.41,0.4,0.7,0.12,0.22,0.0,0.0,0.0,0.04,0.94,30.0,0.0,870.0,24.0,8.0,650.0,0.0,30.0,30.0,30.0,820.0,855.0,60.0,517.0
222,97.088,0.4,0.74,0.1,0.25,0.0,0.0,0.0,0.24,0.96,30.0,0.0,870.0,24.0,8.0,650.0,0.0,30.0,30.0,30.0,510.0,855.0,60.0,523.0
223,97.221,0.44000000000000006,0.75,0.02,0.26,0.0,0.0,0.0,0.02,1.05,30.0,0.0,870.0,24.0,8.0,650.0,0.0,30.0,30.0,30.0,1740.0000000000002,855.0,60.0,516.0
224,97.545,0.39,1.5700000000000003,0.06,0.22,0.0,0.0,0.0,0.05,0.13,30.0,0.0,870.0,24.0,8.0,550.0,0.0,30.0,30.0,30.0,480.0,845.0,60.0,486.0
225,97.588,0.38,1.52,0.07,0.27,0.0,0.0,0.0,0.03,0.13,30.0,0.0,870.0,24.0,8.0,550.0,0.0,30.0,30.0,30.0,610.0,845.0,60.0,427.0
226,97.808,0.4,1.34,0.02,0.25,0.0,0.0,0.0,0.02,0.13,30.0,0.0,870.0,24.0,8.0,550.0,0.0,30.0,30.0,30.0,1740.0000000000002,845.0,60.0,510.0
227,97.59,0.4,1.56,0.05,0.22,0.0,0.0,0.0,0.06,0.08999999999999998,30.0,0.0,870.0,24.0,8.0,550.0,0.0,30.0,30.0,30.0,530.0,845.0,60.0,451.0
228,97.48,0.41,1.5100000000000002,0.08,0.24,0.0,0.0,0.0,0.04,0.22,30.0,0.0,870.0,24.0,8.0,550.0,0.0,30.0,30.0,30.0,610.0,845.0,60.0,425.0
229,97.508,0.38,1.5900000000000003,0.05,0.21,0.0,0.0,0.0,0.03,0.2,30.0,0.0,870.0,24.0,8.0,550.0,0.0,30.0,30.0,30.0,480.0,845.0,60.0,432.0
230,97.871,0.4,1.38,0.02,0.25,0.0,0.0,0.0,0.02,0.03,30.0,0.0,870.0,24.0,8.0,550.0,0.0,30.0,30.0,30.0,1740.0000000000002,845.0,60.0,482.0
231,97.545,0.39,1.5700000000000003,0.06,0.22,0.0,0.0,0.0,0.05,0.13,30.0,0.0,870.0,24.0,8.0,600.0,0.0,30.0,30.0,30.0,480.0,845.0,60.0,435.0
232,97.588,0.38,1.52,0.07,0.27,0.0,0.0,0.0,0.03,0.13,30.0,0.0,870.0,24.0,8.0,600.0,0.0,30.0,30.0,30.0,610.0,845.0,60.0,406.0
233,97.808,0.4,1.34,0.02,0.25,0.0,0.0,0.0,0.02,0.13,30.0,0.0,870.0,24.0,8.0,600.0,0.0,30.0,30.0,30.0,1740.0000000000002,845.0,60.0,457.99931907956955
234,97.59,0.4,1.56,0.05,0.22,0.0,0.0,0.0,0.06,0.08999999999999998,30.0,0.0,870.0,24.0,8.0,600.0,0.0,30.0,30.0,30.0,530.0,845.0,60.0,444.20376994079436
235,97.48,0.41,1.5100000000000002,0.08,0.24,0.0,0.0,0.0,0.04,0.22,30.0,0.0,870.0,24.0,8.0,600.0,0.0,30.0,30.0,30.0,610.0,845.0,60.0,404.0
236,97.508,0.38,1.5900000000000003,0.05,0.21,0.0,0.0,0.0,0.03,0.2,30.0,0.0,870.0,24.0,8.0,600.0,0.0,30.0,30.0,30.0,480.0,845.0,60.0,406.0
237,97.871,0.4,1.38,0.02,0.25,0.0,0.0,0.0,0.02,0.03,30.0,0.0,870.0,24.0,8.0,600.0,0.0,30.0,30.0,30.0,1740.0000000000002,845.0,60.0,443.0
238,97.545,0.39,1.5700000000000003,0.06,0.22,0.0,0.0,0.0,0.05,0.13,30.0,0.0,870.0,24.0,8.0,650.0,0.0,30.0,30.0,30.0,480.0,845.0,60.0,397.0
239,97.588,0.38,1.52,0.07,0.27,0.0,0.0,0.0,0.03,0.13,30.0,0.0,870.0,24.0,8.0,650.0,0.0,30.0,30.0,30.0,610.0,845.0,60.0,385.0
240,97.808,0.4,1.34,0.02,0.25,0.0,0.0,0.0,0.02,0.13,30.0,0.0,870.0,24.0,8.0,650.0,0.0,30.0,30.0,30.0,1740.0000000000002,845.0,60.0,425.0
241,97.59,0.4,1.56,0.05,0.22,0.0,0.0,0.0,0.06,0.08999999999999998,30.0,0.0,870.0,24.0,8.0,650.0,0.0,30.0,30.0,30.0,530.0,845.0,60.0,396.0
242,97.48,0.41,1.5100000000000002,0.08,0.24,0.0,0.0,0.0,0.04,0.22,30.0,0.0,870.0,24.0,8.0,650.0,0.0,30.0,30.0,30.0,610.0,845.0,60.0,380.0
243,97.508,0.38,1.5900000000000003,0.05,0.21,0.0,0.0,0.0,0.03,0.2,30.0,0.0,870.0,24.0,8.0,650.0,0.0,30.0,30.0,30.0,480.0,845.0,60.0,406.866553092711
244,97.871,0.4,1.38,0.02,0.25,0.0,0.0,0.0,0.02,0.03,30.0,0.0,870.0,24.0,8.0,650.0,0.0,30.0,30.0,30.0,1740.0000000000002,845.0,60.0,398.0
245,97.61,0.42000000000000004,1.5,0.05,0.23,0.0,0.0,0.0,0.04,0.15,30.0,0.0,870.0,24.0,8.0,550.0,0.0,30.0,30.0,30.0,820.0,845.0,60.0,505.0
246,97.393,0.43000000000000005,1.38,0.1,0.34,0.0,0.0,0.0,0.08,0.26,30.0,0.0,870.0,24.0,8.0,550.0,0.0,30.0,30.0,30.0,1100.0,845.0,60.0,536.0
247,97.521,0.42000000000000004,1.6,0.07,0.21,0.0,0.0,0.0,0.03,0.12,30.0,0.0,870.0,24.0,8.0,550.0,0.0,30.0,30.0,30.0,480.0,845.0,60.0,484.0
248,97.424,0.42000000000000004,1.58,0.07,0.24,0.0,0.0,0.0,0.06,0.16999999999999998,30.0,0.0,870.0,24.0,8.0,550.0,0.0,30.0,30.0,30.0,480.0,845.0,60.0,495.0
249,97.675,0.42000000000000004,1.5100000000000002,0.0,0.21,0.0,0.0,0.0,0.02,0.12,30.0,0.0,870.0,24.0,8.0,550.0,0.0,30.0,30.0,30.0,1510.0,845.0,60.0,551.0
250,97.4,0.45000000000000007,1.58,0.08,0.33,0.0,0.0,0.0,0.06,0.1,30.0,0.0,870.0,24.0,8.0,550.0,0.0,30.0,30.0,30.0,740.0,845.0,60.0,477.0
251,97.415,0.41,1.36,0.1,0.34,0.0,0.0,0.0,0.07,0.27,30.0,0.0,870.0,24.0,8.0,550.0,0.0,30.0,30.0,30.0,1100.0,845.0,60.0,530.0
252,97.777,0.4,1.4700000000000002,0.0,0.25,0.0,0.0,0.0,0.02,0.04,30.0,0.0,870.0,24.0,8.0,550.0,0.0,30.0,30.0,30.0,1510.0,845.0,60.0,516.0
253,97.72,0.41,1.48,0.06,0.22,0.0,0.0,0.0,0.03,0.08,30.0,0.0,870.0,24.0,8.0,550.0,0.0,30.0,30.0,30.0,820.0,845.0,60.0,445.0
254,97.276,0.4600000000000001,1.4900000000000002,0.1,0.3,0.0,0.0,0.0,0.1,0.26,30.0,0.0,870.0,24.0,8.0,550.0,0.0,30.0,30.0,30.0,1100.0,845.0,60.0,501.68848885955975
255,97.591,0.43000000000000005,1.46,0.02,0.26,0.0,0.0,0.0,0.02,0.19,30.0,0.0,870.0,24.0,8.0,550.0,0.0,30.0,30.0,30.0,1740.0000000000002,845.0,60.0,506.2823750013289
256,97.538,0.41,1.58,0.05,0.22,0.0,0.0,0.0,0.04,0.13,30.0,0.0,870.0,24.0,8.0,550.0,0.0,30.0,30.0,30.0,480.0,845.0,60.0,443.0
257,97.61,0.42000000000000004,1.5,0.05,0.23,0.0,0.0,0.0,0.04,0.15,30.0,0.0,870.0,24.0,8.0,600.0,0.0,30.0,30.0,30.0,820.0,845.0,60.0,446.428354760986
258,97.393,0.43000000000000005,1.38,0.1,0.34,0.0,0.0,0.0,0.08,0.26,30.0,0.0,870.0,24.0,8.0,600.0,0.0,30.0,30.0,30.0,1100.0,845.0,60.0,502.0
259,97.521,0.42000000000000004,1.6,0.07,0.21,0.0,0.0,0.0,0.03,0.12,30.0,0.0,870.0,24.0,8.0,600.0,0.0,30.0,30.0,30.0,480.0,845.0,60.0,451.0
260,97.424,0.42000000000000004,1.58,0.07,0.24,0.0,0.0,0.0,0.06,0.16999999999999998,30.0,0.0,870.0,24.0,8.0,600.0,0.0,30.0,30.0,30.0,480.0,845.0,60.0,452.5539149466865
261,97.675,0.42000000000000004,1.5100000000000002,0.0,0.21,0.0,0.0,0.0,0.02,0.12,30.0,0.0,870.0,24.0,8.0,600.0,0.0,30.0,30.0,30.0,1510.0,845.0,60.0,497.0
262,97.4,0.45000000000000007,1.58,0.08,0.33,0.0,0.0,0.0,0.06,0.1,30.0,0.0,870.0,24.0,8.0,600.0,0.0,30.0,30.0,30.0,740.0,845.0,60.0,450.9359344201123
263,97.415,0.41,1.36,0.1,0.34,0.0,0.0,0.0,0.07,0.27,30.0,0.0,870.0,24.0,8.0,600.0,0.0,30.0,30.0,30.0,1100.0,845.0,60.0,461.87656807114297
264,97.777,0.4,1.4700000000000002,0.0,0.25,0.0,0.0,0.0,0.02,0.04,30.0,0.0,870.0,24.0,8.0,600.0,0.0,30.0,30.0,30.0,1510.0,845.0,60.0,461.0
265,97.72,0.41,1.48,0.06,0.22,0.0,0.0,0.0,0.03,0.08,30.0,0.0,870.0,24.0,8.0,600.0,0.0,30.0,30.0,30.0,820.0,845.0,60.0,399.0
266,97.276,0.4600000000000001,1.4900000000000002,0.1,0.3,0.0,0.0,0.0,0.1,0.26,30.0,0.0,870.0,24.0,8.0,600.0,0.0,30.0,30.0,30.0,1100.0,845.0,60.0,462.0558388007513
267,97.591,0.43000000000000005,1.46,0.02,0.26,0.0,0.0,0.0,0.02,0.19,30.0,0.0,870.0,24.0,8.0,600.0,0.0,30.0,30.0,30.0,1740.0000000000002,845.0,60.0,490.0
268,97.538,0.41,1.58,0.05,0.22,0.0,0.0,0.0,0.04,0.13,30.0,0.0,870.0,24.0,8.0,600.0,0.0,30.0,30.0,30.0,480.0,845.0,60.0,424.0
269,97.61,0.42000000000000004,1.5,0.05,0.23,0.0,0.0,0.0,0.04,0.15,30.0,0.0,870.0,24.0,8.0,650.0,0.0,30.0,30.0,30.0,820.0,845.0,60.0,412.56823082333847
270,97.393,0.43000000000000005,1.38,0.1,0.34,0.0,0.0,0.0,0.08,0.26,30.0,0.0,870.0,24.0,8.0,650.0,0.0,30.0,30.0,30.0,1100.0,845.0,60.0,424.1430201209929
271,97.521,0.42000000000000004,1.6,0.07,0.21,0.0,0.0,0.0,0.03,0.12,30.0,0.0,870.0,24.0,8.0,650.0,0.0,30.0,30.0,30.0,480.0,845.0,60.0,404.0
272,97.424,0.42000000000000004,1.58,0.07,0.24,0.0,0.0,0.0,0.06,0.16999999999999998,30.0,0.0,870.0,24.0,8.0,650.0,0.0,30.0,30.0,30.0,480.0,845.0,60.0,411.0
273,97.675,0.42000000000000004,1.5100000000000002,0.0,0.21,0.0,0.0,0.0,0.02,0.12,30.0,0.0,870.0,24.0,8.0,650.0,0.0,30.0,30.0,30.0,1510.0,845.0,60.0,438.0
274,97.4,0.45000000000000007,1.58,0.08,0.33,0.0,0.0,0.0,0.06,0.1,30.0,0.0,870.0,24.0,8.0,650.0,0.0,30.0,30.0,30.0,740.0,845.0,60.0,410.0
275,97.415,0.41,1.36,0.1,0.34,0.0,0.0,0.0,0.07,0.27,30.0,0.0,870.0,24.0,8.0,650.0,0.0,30.0,30.0,30.0,1100.0,845.0,60.0,426.24737693362414
276,97.777,0.4,1.4700000000000002,0.0,0.25,0.0,0.0,0.0,0.02,0.04,30.0,0.0,870.0,24.0,8.0,650.0,0.0,30.0,30.0,30.0,1510.0,845.0,60.0,410.0
277,97.72,0.41,1.48,0.06,0.22,0.0,0.0,0.0,0.03,0.08,30.0,0.0,870.0,24.0,8.0,650.0,0.0,30.0,30.0,30.0,820.0,845.0,60.0,383.0
278,97.276,0.4600000000000001,1.4900000000000002,0.1,0.3,0.0,0.0,0.0,0.1,0.26,30.0,0.0,870.0,24.0,8.0,650.0,0.0,30.0,30.0,30.0,1100.0,845.0,60.0,460.0
279,97.591,0.43000000000000005,1.46,0.02,0.26,0.0,0.0,0.0,0.02,0.19,30.0,0.0,870.0,24.0,8.0,650.0,0.0,30.0,30.0,30.0,1740.0000000000002,845.0,60.0,442.0
280,97.538,0.41,1.58,0.05,0.22,0.0,0.0,0.0,0.04,0.13,30.0,0.0,870.0,24.0,8.0,650.0,0.0,30.0,30.0,30.0,480.0,845.0,60.0,413.2415996952483
281,95.32,0.32,0.49,0.09,0.3,0.0,0.0,0.0,2.66,0.82,30.0,0.0,900.0,24.0,8.0,550.0,0.0,30.0,30.0,30.0,610.0,845.0,60.0,562.0158862089671
282,95.44,0.32,0.58,0.06,0.24,0.0,0.0,0.0,2.65,0.71,30.0,0.0,900.0,24.0,8.0,550.0,0.0,30.0,30.0,30.0,700.0,845.0,60.0,530.0
283,95.392,0.32,0.54,0.05,0.29,0.0,0.0,0.0,2.64,0.75,30.0,0.0,900.0,24.0,8.0,550.0,0.0,30.0,30.0,30.0,420.0,845.0,60.0,570.0
284,95.111,0.35,0.54,0.05,0.26,0.0,0.0,0.0,2.78,0.8900000000000001,30.0,0.0,900.0,24.0,8.0,550.0,0.0,30.0,30.0,30.0,420.0,845.0,60.0,578.0
285,95.438,0.31,0.56,0.1,0.22,0.0,0.0,0.0,2.63,0.71,30.0,0.0,900.0,24.0,8.0,550.0,0.0,30.0,30.0,30.0,700.0,845.0,60.0,537.0
286,95.34,0.33,0.49,0.06,0.3,0.0,0.0,0.0,2.66,0.82,30.0,0.0,900.0,24.0,8.0,550.0,0.0,30.0,30.0,30.0,820.0,845.0,60.0,569.0
287,95.311,0.28,0.53,0.05,0.27,0.0,0.0,0.0,2.67,0.87,30.0,0.0,900.0,24.0,8.0,550.0,0.0,30.0,30.0,30.0,420.0,845.0,60.0,576.0
288,95.23,0.34,0.65,0.05,0.26,0.0,0.0,0.0,2.63,0.84,30.0,0.0,900.0,24.0,8.0,550.0,0.0,30.0,30.0,30.0,700.0,845.0,60.0,549.0
289,95.302,0.3,0.53,0.07,0.27,0.0,0.0,0.0,2.7,0.81,30.0,0.0,900.0,24.0,8.0,550.0,0.0,30.0,30.0,30.0,820.0,845.0,60.0,560.2611411111805
290,95.347,0.32,0.52,0.06,0.3,0.0,0.0,0.0,2.67,0.77,30.0,0.0,900.0,24.0,8.0,550.0,0.0,30.0,30.0,30.0,1740.0000000000002,845.0,60.0,560.5665642520228
291,95.32,0.32,0.49,0.09,0.3,0.0,0.0,0.0,2.66,0.82,30.0,0.0,900.0,24.0,8.0,600.0,0.0,30.0,30.0,30.0,610.0,845.0,60.0,510.0
292,95.44,0.32,0.58,0.06,0.24,0.0,0.0,0.0,2.65,0.71,30.0,0.0,900.0,24.0,8.0,600.0,0.0,30.0,30.0,30.0,700.0,845.0,60.0,510.0
293,95.392,0.32,0.54,0.05,0.29,0.0,0.0,0.0,2.64,0.75,30.0,0.0,900.0,24.0,8.0,600.0,0.0,30.0,30.0,30.0,420.0,845.0,60.0,517.0
294,95.111,0.35,0.54,0.05,0.26,0.0,0.0,0.0,2.78,0.8900000000000001,30.0,0.0,900.0,24.0,8.0,600.0,0.0,30.0,30.0,30.0,420.0,845.0,60.0,540.0
295,95.438,0.31,0.56,0.1,0.22,0.0,0.0,0.0,2.63,0.71,30.0,0.0,900.0,24.0,8.0,600.0,0.0,30.0,30.0,30.0,700.0,845.0,60.0,517.4673615446541
296,95.34,0.33,0.49,0.06,0.3,0.0,0.0,0.0,2.66,0.82,30.0,0.0,900.0,24.0,8.0,600.0,0.0,30.0,30.0,30.0,820.0,845.0,60.0,523.0
297,95.311,0.28,0.53,0.05,0.27,0.0,0.0,0.0,2.67,0.87,30.0,0.0,900.0,24.0,8.0,600.0,0.0,30.0,30.0,30.0,420.0,845.0,60.0,537.0
298,95.23,0.34,0.65,0.05,0.26,0.0,0.0,0.0,2.63,0.84,30.0,0.0,900.0,24.0,8.0,600.0,0.0,30.0,30.0,30.0,700.0,845.0,60.0,536.0
299,95.302,0.3,0.53,0.07,0.27,0.0,0.0,0.0,2.7,0.81,30.0,0.0,900.0,24.0,8.0,600.0,0.0,30.0,30.0,30.0,820.0,845.0,60.0,518.8803605800463
300,95.347,0.32,0.52,0.06,0.3,0.0,0.0,0.0,2.67,0.77,30.0,0.0,900.0,24.0,8.0,600.0,0.0,30.0,30.0,30.0,1740.0000000000002,845.0,60.0,516.3989557365286
301,95.32,0.32,0.49,0.09,0.3,0.0,0.0,0.0,2.66,0.82,30.0,0.0,900.0,24.0,8.0,650.0,0.0,30.0,30.0,30.0,610.0,845.0,60.0,490.0
302,95.44,0.32,0.58,0.06,0.24,0.0,0.0,0.0,2.65,0.71,30.0,0.0,900.0,24.0,8.0,650.0,0.0,30.0,30.0,30.0,700.0,845.0,60.0,477.0
303,95.392,0.32,0.54,0.05,0.29,0.0,0.0,0.0,2.64,0.75,30.0,0.0,900.0,24.0,8.0,650.0,0.0,30.0,30.0,30.0,420.0,845.0,60.0,483.0
304,95.111,0.35,0.54,0.05,0.26,0.0,0.0,0.0,2.78,0.8900000000000001,30.0,0.0,900.0,24.0,8.0,650.0,0.0,30.0,30.0,30.0,420.0,845.0,60.0,503.0
305,95.438,0.31,0.56,0.1,0.22,0.0,0.0,0.0,2.63,0.71,30.0,0.0,900.0,24.0,8.0,650.0,0.0,30.0,30.0,30.0,700.0,845.0,60.0,471.0
306,95.34,0.33,0.49,0.06,0.3,0.0,0.0,0.0,2.66,0.82,30.0,0.0,900.0,24.0,8.0,650.0,0.0,30.0,30.0,30.0,820.0,845.0,60.0,476.0
307,95.311,0.28,0.53,0.05,0.27,0.0,0.0,0.0,2.67,0.87,30.0,0.0,900.0,24.0,8.0,650.0,0.0,30.0,30.0,30.0,420.0,845.0,60.0,502.0
308,95.23,0.34,0.65,0.05,0.26,0.0,0.0,0.0,2.63,0.84,30.0,0.0,900.0,24.0,8.0,650.0,0.0,30.0,30.0,30.0,700.0,845.0,60.0,496.0
309,95.302,0.3,0.53,0.07,0.27,0.0,0.0,0.0,2.7,0.81,30.0,0.0,900.0,24.0,8.0,650.0,0.0,30.0,30.0,30.0,820.0,845.0,60.0,471.0
310,95.347,0.32,0.52,0.06,0.3,0.0,0.0,0.0,2.67,0.77,30.0,0.0,900.0,24.0,8.0,650.0,0.0,30.0,30.0,30.0,1740.0000000000002,845.0,60.0,478.19141235362974
311,95.998,0.39,0.77,0.07,0.19,0.0,0.0,0.0,1.6699999999999997,0.7199999999999999,30.0,0.0,870.0,24.0,8.0,580.0,0.0,30.0,30.0,30.0,640.0,845.0,60.0,591.0
312,95.789,0.4,0.7,0.09,0.23,0.0,0.0,0.0,1.82,0.78,30.0,0.0,870.0,24.0,8.0,580.0,0.0,30.0,30.0,30.0,740.0,845.0,60.0,585.0876422977675
313,95.328,0.4,0.79,0.05,0.29,0.0,0.0,0.0,1.92,0.96,30.0,0.0,870.0,24.0,8.0,580.0,0.0,30.0,30.0,30.0,420.0,845.0,60.0,615.8786662993256
314,96.019,0.4,0.7,0.08,0.25,0.0,0.0,0.0,1.63,0.71,30.0,0.0,870.0,24.0,8.0,580.0,0.0,30.0,30.0,30.0,590.0,845.0,60.0,584.0
315,95.797,0.38,0.71,0.04,0.26,0.0,0.0,0.0,1.8,0.75,30.0,0.0,870.0,24.0,8.0,580.0,0.0,30.0,30.0,30.0,5530.0,845.0,60.0,604.0
316,95.787,0.4,0.73,0.08,0.33,0.0,0.0,0.0,1.71,0.74,30.0,0.0,870.0,24.0,8.0,580.0,0.0,30.0,30.0,30.0,1290.0,845.0,60.0,591.0
317,95.837,0.42000000000000004,0.73,0.09,0.25,0.0,0.0,0.0,1.69,0.73,30.0,0.0,870.0,24.0,8.0,580.0,0.0,30.0,30.0,30.0,640.0,845.0,60.0,588.0
318,95.974,0.38,0.71,0.12,0.26,0.0,0.0,0.0,1.66,0.7199999999999999,30.0,0.0,870.0,24.0,8.0,580.0,0.0,30.0,30.0,30.0,590.0,845.0,60.0,588.0
319,95.627,0.41,0.74,0.12,0.29,0.0,0.0,0.0,1.8400000000000003,0.74,30.0,0.0,870.0,24.0,8.0,580.0,0.0,30.0,30.0,30.0,820.0,845.0,60.0,550.0
320,95.722,0.39,0.71,0.09,0.25,0.0,0.0,0.0,1.7600000000000002,0.82,30.0,0.0,870.0,24.0,8.0,580.0,0.0,30.0,30.0,30.0,640.0,845.0,60.0,601.2035157704692
321,95.868,0.38,0.7,0.07,0.29,0.0,0.0,0.0,1.7499999999999998,0.74,30.0,0.0,870.0,24.0,8.0,580.0,0.0,30.0,30.0,30.0,820.0,845.0,60.0,604.0
322,95.444,0.42000000000000004,0.78,0.04,0.3,0.0,0.0,0.0,1.9,0.86,30.0,0.0,870.0,24.0,8.0,580.0,0.0,30.0,30.0,30.0,420.0,845.0,60.0,619.4215172146141
323,95.513,0.37,0.76,0.03,0.29,0.0,0.0,0.0,1.8799999999999997,0.9,30.0,0.0,870.0,24.0,8.0,580.0,0.0,30.0,30.0,30.0,420.0,845.0,60.0,643.0
324,96.04,0.43000000000000005,0.68,0.09,0.26,0.0,0.0,0.0,1.6200000000000003,0.6799999999999999,30.0,0.0,870.0,24.0,8.0,580.0,0.0,30.0,30.0,30.0,590.0,845.0,60.0,569.0
325,95.998,0.39,0.77,0.07,0.19,0.0,0.0,0.0,1.6699999999999997,0.7199999999999999,30.0,0.0,870.0,24.0,8.0,630.0,0.0,30.0,30.0,30.0,640.0,845.0,60.0,532.6196278839222
326,95.789,0.4,0.7,0.09,0.23,0.0,0.0,0.0,1.82,0.78,30.0,0.0,870.0,24.0,8.0,630.0,0.0,30.0,30.0,30.0,740.0,845.0,60.0,538.8638918374031
327,95.328,0.4,0.79,0.05,0.29,0.0,0.0,0.0,1.92,0.96,30.0,0.0,870.0,24.0,8.0,630.0,0.0,30.0,30.0,30.0,420.0,845.0,60.0,543.0
328,96.019,0.4,0.7,0.08,0.25,0.0,0.0,0.0,1.63,0.71,30.0,0.0,870.0,24.0,8.0,630.0,0.0,30.0,30.0,30.0,590.0,845.0,60.0,524.0
329,95.797,0.38,0.71,0.04,0.26,0.0,0.0,0.0,1.8,0.75,30.0,0.0,870.0,24.0,8.0,630.0,0.0,30.0,30.0,30.0,5530.0,845.0,60.0,571.0
330,95.787,0.4,0.73,0.08,0.33,0.0,0.0,0.0,1.71,0.74,30.0,0.0,870.0,24.0,8.0,630.0,0.0,30.0,30.0,30.0,1290.0,845.0,60.0,542.0
331,95.837,0.42000000000000004,0.73,0.09,0.25,0.0,0.0,0.0,1.69,0.73,30.0,0.0,870.0,24.0,8.0,630.0,0.0,30.0,30.0,30.0,640.0,845.0,60.0,531.0
332,95.974,0.38,0.71,0.12,0.26,0.0,0.0,0.0,1.66,0.7199999999999999,30.0,0.0,870.0,24.0,8.0,630.0,0.0,30.0,30.0,30.0,590.0,845.0,60.0,531.0
333,95.627,0.41,0.74,0.12,0.29,0.0,0.0,0.0,1.8400000000000003,0.74,30.0,0.0,870.0,24.0,8.0,630.0,0.0,30.0,30.0,30.0,820.0,845.0,60.0,545.4089774531448
334,95.722,0.39,0.71,0.09,0.25,0.0,0.0,0.0,1.7600000000000002,0.82,30.0,0.0,870.0,24.0,8.0,630.0,0.0,30.0,30.0,30.0,640.0,845.0,60.0,553.9448064994181
335,95.868,0.38,0.7,0.07,0.29,0.0,0.0,0.0,1.7499999999999998,0.74,30.0,0.0,870.0,24.0,8.0,630.0,0.0,30.0,30.0,30.0,820.0,845.0,60.0,550.0
336,95.444,0.42000000000000004,0.78,0.04,0.3,0.0,0.0,0.0,1.9,0.86,30.0,0.0,870.0,24.0,8.0,630.0,0.0,30.0,30.0,30.0,420.0,845.0,60.0,583.0
337,95.513,0.37,0.76,0.03,0.29,0.0,0.0,0.0,1.8799999999999997,0.9,30.0,0.0,870.0,24.0,8.0,630.0,0.0,30.0,30.0,30.0,420.0,845.0,60.0,583.0
338,96.04,0.43000000000000005,0.68,0.09,0.26,0.0,0.0,0.0,1.6200000000000003,0.6799999999999999,30.0,0.0,870.0,24.0,8.0,630.0,0.0,30.0,30.0,30.0,590.0,845.0,60.0,550.0
339,95.998,0.39,0.77,0.07,0.19,0.0,0.0,0.0,1.6699999999999997,0.7199999999999999,30.0,0.0,870.0,24.0,8.0,680.0,0.0,30.0,30.0,30.0,640.0,845.0,60.0,490.13897893486205
340,95.789,0.4,0.7,0.09,0.23,0.0,0.0,0.0,1.82,0.78,30.0,0.0,870.0,24.0,8.0,680.0,0.0,30.0,30.0,30.0,740.0,845.0,60.0,482.0
341,95.328,0.4,0.79,0.05,0.29,0.0,0.0,0.0,1.92,0.96,30.0,0.0,870.0,24.0,8.0,680.0,0.0,30.0,30.0,30.0,420.0,845.0,60.0,490.0
342,96.019,0.4,0.7,0.08,0.25,0.0,0.0,0.0,1.63,0.71,30.0,0.0,870.0,24.0,8.0,680.0,0.0,30.0,30.0,30.0,590.0,845.0,60.0,499.21686215802765
343,95.797,0.38,0.71,0.04,0.26,0.0,0.0,0.0,1.8,0.75,30.0,0.0,870.0,24.0,8.0,680.0,0.0,30.0,30.0,30.0,5530.0,845.0,60.0,483.0
344,95.787,0.4,0.73,0.08,0.33,0.0,0.0,0.0,1.71,0.74,30.0,0.0,870.0,24.0,8.0,680.0,0.0,30.0,30.0,30.0,1290.0,845.0,60.0,507.52163946103104
345,95.837,0.42000000000000004,0.73,0.09,0.25,0.0,0.0,0.0,1.69,0.73,30.0,0.0,870.0,24.0,8.0,680.0,0.0,30.0,30.0,30.0,640.0,845.0,60.0,491.0
346,95.974,0.38,0.71,0.12,0.26,0.0,0.0,0.0,1.66,0.7199999999999999,30.0,0.0,870.0,24.0,8.0,680.0,0.0,30.0,30.0,30.0,590.0,845.0,60.0,477.889986747305
347,95.627,0.41,0.74,0.12,0.29,0.0,0.0,0.0,1.8400000000000003,0.74,30.0,0.0,870.0,24.0,8.0,680.0,0.0,30.0,30.0,30.0,820.0,845.0,60.0,469.0
348,95.722,0.39,0.71,0.09,0.25,0.0,0.0,0.0,1.7600000000000002,0.82,30.0,0.0,870.0,24.0,8.0,680.0,0.0,30.0,30.0,30.0,640.0,845.0,60.0,509.89433437306235
349,95.868,0.38,0.7,0.07,0.29,0.0,0.0,0.0,1.7499999999999998,0.74,30.0,0.0,870.0,24.0,8.0,680.0,0.0,30.0,30.0,30.0,820.0,845.0,60.0,483.0
350,95.444,0.42000000000000004,0.78,0.04,0.3,0.0,0.0,0.0,1.9,0.86,30.0,0.0,870.0,24.0,8.0,680.0,0.0,30.0,30.0,30.0,420.0,845.0,60.0,525.8697764713071
351,95.513,0.37,0.76,0.03,0.29,0.0,0.0,0.0,1.8799999999999997,0.9,30.0,0.0,870.0,24.0,8.0,680.0,0.0,30.0,30.0,30.0,420.0,845.0,60.0,491.0
352,96.04,0.43000000000000005,0.68,0.09,0.26,0.0,0.0,0.0,1.6200000000000003,0.6799999999999999,30.0,0.0,870.0,24.0,8.0,680.0,0.0,30.0,30.0,30.0,590.0,845.0,60.0,463.0
353,95.909,0.47,0.72,0.06,0.28,0.0,0.0,0.0,1.7600000000000002,0.79,30.0,0.0,870.0,24.0,8.0,580.0,0.0,30.0,30.0,30.0,740.0,845.0,60.0,580.5334151495219
354,96.114,0.47,0.76,0.06,0.19,0.0,0.0,0.0,1.6699999999999997,0.71,30.0,0.0,870.0,24.0,8.0,580.0,0.0,30.0,30.0,30.0,640.0,845.0,60.0,615.0
355,95.95,0.44000000000000006,0.74,0.09,0.25,0.0,0.0,0.0,1.74,0.79,30.0,0.0,870.0,24.0,8.0,580.0,0.0,30.0,30.0,30.0,820.0,845.0,60.0,561.6550727697008
356,96.154,0.45000000000000007,0.79,0.05,0.16,0.0,0.0,0.0,1.65,0.73,30.0,0.0,870.0,24.0,8.0,580.0,0.0,30.0,30.0,30.0,640.0,845.0,60.0,596.0
357,96.104,0.48,0.7,0.11,0.2,0.0,0.0,0.0,1.66,0.73,30.0,0.0,870.0,24.0,8.0,580.0,0.0,30.0,30.0,30.0,640.0,845.0,60.0,618.0
358,95.865,0.49,0.69,0.07,0.29,0.0,0.0,0.0,1.8,0.77,30.0,0.0,870.0,24.0,8.0,580.0,0.0,30.0,30.0,30.0,820.0,845.0,60.0,585.0
359,95.909,0.47,0.72,0.06,0.28,0.0,0.0,0.0,1.7600000000000002,0.79,30.0,0.0,870.0,24.0,8.0,630.0,0.0,30.0,30.0,30.0,740.0,845.0,60.0,551.0
360,96.114,0.47,0.76,0.06,0.19,0.0,0.0,0.0,1.6699999999999997,0.71,30.0,0.0,870.0,24.0,8.0,630.0,0.0,30.0,30.0,30.0,640.0,845.0,60.0,556.0
361,95.95,0.44000000000000006,0.74,0.09,0.25,0.0,0.0,0.0,1.74,0.79,30.0,0.0,870.0,24.0,8.0,630.0,0.0,30.0,30.0,30.0,820.0,845.0,60.0,517.1034708665865
362,96.154,0.45000000000000007,0.79,0.05,0.16,0.0,0.0,0.0,1.65,0.73,30.0,0.0,870.0,24.0,8.0,630.0,0.0,30.0,30.0,30.0,640.0,845.0,60.0,537.0
363,96.104,0.48,0.7,0.11,0.2,0.0,0.0,0.0,1.66,0.73,30.0,0.0,870.0,24.0,8.0,630.0,0.0,30.0,30.0,30.0,640.0,845.0,60.0,529.9552567483106
364,95.865,0.49,0.69,0.07,0.29,0.0,0.0,0.0,1.8,0.77,30.0,0.0,870.0,24.0,8.0,630.0,0.0,30.0,30.0,30.0,820.0,845.0,60.0,543.0
365,95.909,0.47,0.72,0.06,0.28,0.0,0.0,0.0,1.7600000000000002,0.79,30.0,0.0,870.0,24.0,8.0,680.0,0.0,30.0,30.0,30.0,740.0,845.0,60.0,471.0
366,96.114,0.47,0.76,0.06,0.19,0.0,0.0,0.0,1.6699999999999997,0.71,30.0,0.0,870.0,24.0,8.0,680.0,0.0,30.0,30.0,30.0,640.0,845.0,60.0,476.0
367,95.95,0.44000000000000006,0.74,0.09,0.25,0.0,0.0,0.0,1.74,0.79,30.0,0.0,870.0,24.0,8.0,680.0,0.0,30.0,30.0,30.0,820.0,845.0,60.0,482.0
368,96.154,0.45000000000000007,0.79,0.05,0.16,0.0,0.0,0.0,1.65,0.73,30.0,0.0,870.0,24.0,8.0,680.0,0.0,30.0,30.0,30.0,640.0,845.0,60.0,480.309415426179
369,96.104,0.48,0.7,0.11,0.2,0.0,0.0,0.0,1.66,0.73,30.0,0.0,870.0,24.0,8.0,680.0,0.0,30.0,30.0,30.0,640.0,845.0,60.0,491.0
370,95.865,0.49,0.69,0.07,0.29,0.0,0.0,0.0,1.8,0.77,30.0,0.0,870.0,24.0,8.0,680.0,0.0,30.0,30.0,30.0,820.0,845.0,60.0,479.0
371,96.251,0.6,0.8499999999999999,0.12,1.96,0.0,0.0,0.0,0.05,0.15,30.0,0.0,845.0,24.0,8.0,430.0,0.0,30.0,30.0,30.0,721.0,845.0,60.0,781.0
372,96.323,0.59,0.92,0.0,1.99,0.0,0.0,0.0,0.0,0.15,30.0,0.0,845.0,24.0,8.0,430.0,0.0,30.0,30.0,30.0,1228.0,845.0,60.0,838.6975878876193
373,96.007,0.61,0.8599999999999999,0.12,2.05,0.0,0.0,0.0,0.16,0.16,30.0,0.0,845.0,24.0,8.0,430.0,0.0,30.0,30.0,30.0,1455.0,845.0,60.0,906.0
374,96.251,0.6,0.8499999999999999,0.12,1.96,0.0,0.0,0.0,0.05,0.15,30.0,0.0,845.0,24.0,8.0,500.0,0.0,30.0,30.0,30.0,721.0,845.0,60.0,750.9881719437052
375,96.323,0.59,0.92,0.0,1.99,0.0,0.0,0.0,0.0,0.15,30.0,0.0,845.0,24.0,8.0,500.0,0.0,30.0,30.0,30.0,1228.0,845.0,60.0,678.0
376,96.007,0.61,0.8599999999999999,0.12,2.05,0.0,0.0,0.0,0.16,0.16,30.0,0.0,845.0,24.0,8.0,500.0,0.0,30.0,30.0,30.0,1455.0,845.0,60.0,770.0
377,97.001,0.61,0.8699999999999999,0.2,0.28,0.0,0.0,0.0,0.08,0.87,30.0,0.0,845.0,24.0,8.0,420.0,0.0,30.0,30.0,30.0,622.0,845.0,60.0,794.0
378,97.53,0.63,0.77,0.02,0.17,0.0,0.0,0.0,0.03,0.81,30.0,0.0,845.0,24.0,8.0,420.0,0.0,30.0,30.0,30.0,289.0,845.0,60.0,855.0
379,97.234,0.62,0.88,0.12,0.29,0.0,0.0,0.0,0.05,0.75,30.0,0.0,845.0,24.0,8.0,420.0,0.0,30.0,30.0,30.0,796.0,845.0,60.0,768.0
380,97.001,0.61,0.8699999999999999,0.2,0.28,0.0,0.0,0.0,0.08,0.87,30.0,0.0,845.0,24.0,8.0,490.0,0.0,30.0,30.0,30.0,622.0,845.0,60.0,705.4338790984564
381,97.53,0.63,0.77,0.02,0.17,0.0,0.0,0.0,0.03,0.81,30.0,0.0,845.0,24.0,8.0,490.0,0.0,30.0,30.0,30.0,289.0,845.0,60.0,707.0
382,97.234,0.62,0.88,0.12,0.29,0.0,0.0,0.0,0.05,0.75,30.0,0.0,845.0,24.0,8.0,490.0,0.0,30.0,30.0,30.0,796.0,845.0,60.0,718.0
383,96.519,0.53,0.69,0.0,1.49,0.0,0.0,0.0,0.02,0.74,30.0,0.0,845.0,24.0,8.0,430.0,0.0,30.0,30.0,30.0,925.0000000000001,845.0,60.0,874.0
384,96.68,0.53,0.75,0.06,1.31,0.0,0.0,0.0,0.04,0.63,30.0,0.0,845.0,24.0,8.0,430.0,0.0,30.0,30.0,30.0,1455.0,845.0,60.0,829.0
385,96.136,0.53,0.68,0.26,1.51,0.0,0.0,0.0,0.13,0.6799999999999999,30.0,0.0,845.0,24.0,8.0,430.0,0.0,30.0,30.0,30.0,622.0,845.0,60.0,700.0
386,96.497,0.54,0.69,0.0,1.5,0.0,0.0,0.0,0.02,0.74,30.0,0.0,845.0,24.0,8.0,500.0,0.0,30.0,30.0,30.0,925.0000000000001,845.0,60.0,760.2140214625048
387,96.67,0.53,0.75,0.06,1.31,0.0,0.0,0.0,0.04,0.64,30.0,0.0,845.0,24.0,8.0,500.0,0.0,30.0,30.0,30.0,1455.0,845.0,60.0,720.0
388,96.165,0.53,0.67,0.26,1.5,0.0,0.0,0.0,0.13,0.67,30.0,0.0,845.0,24.0,8.0,500.0,0.0,30.0,30.0,30.0,622.0,845.0,60.0,688.0
389,96.359,0.21,0.62,0.07,0.29,0.0,0.0,0.0,1.6200000000000003,0.59,0.0,140.0,930.0,0.0,0.0,160.0,15.0,60.0,930.0,850.0,440.0,30.0,120.0,1034.0
390,96.368,0.23,0.51,0.11,0.35,0.0,0.0,0.0,1.69,0.55,0.0,140.0,930.0,0.0,0.0,160.0,15.0,60.0,930.0,850.0,860.0,30.0,120.0,1053.8287904506792
391,96.684,0.17,0.55,0.05,0.28,0.0,0.0,0.0,1.64,0.45,0.0,140.0,930.0,0.0,0.0,160.0,15.0,60.0,930.0,850.0,440.0,30.0,120.0,1026.7182590924767
392,96.359,0.21,0.62,0.07,0.29,0.0,0.0,0.0,1.6200000000000003,0.59,0.0,470.0,930.0,0.0,0.0,160.0,15.0,60.0,930.0,850.0,440.0,30.0,120.0,1097.2841188410093
393,96.368,0.23,0.51,0.11,0.35,0.0,0.0,0.0,1.69,0.55,0.0,470.0,930.0,0.0,0.0,160.0,15.0,60.0,930.0,850.0,860.0,30.0,120.0,1124.0
394,96.684,0.17,0.55,0.05,0.28,0.0,0.0,0.0,1.64,0.45,0.0,470.0,930.0,0.0,0.0,160.0,15.0,60.0,930.0,850.0,440.0,30.0,120.0,1059.5322081153954
395,96.359,0.21,0.62,0.07,0.29,0.0,0.0,0.0,1.6200000000000003,0.59,0.0,540.0,930.0,0.0,0.0,160.0,15.0,140.0,930.0,850.0,440.0,30.0,120.0,1092.468786542509
396,96.368,0.23,0.51,0.11,0.35,0.0,0.0,0.0,1.69,0.55,0.0,540.0,930.0,0.0,0.0,160.0,15.0,140.0,930.0,850.0,860.0,30.0,120.0,1190.0
397,96.684,0.17,0.55,0.05,0.28,0.0,0.0,0.0,1.64,0.45,0.0,540.0,930.0,0.0,0.0,160.0,15.0,140.0,930.0,850.0,440.0,30.0,120.0,935.0
398,96.359,0.21,0.62,0.07,0.29,0.0,0.0,0.0,1.6200000000000003,0.59,0.0,470.0,930.0,0.0,0.0,200.0,15.0,60.0,930.0,850.0,440.0,30.0,120.0,1087.231153547198
399,96.368,0.23,0.51,0.11,0.35,0.0,0.0,0.0,1.69,0.55,0.0,470.0,930.0,0.0,0.0,200.0,15.0,60.0,930.0,850.0,860.0,30.0,120.0,1068.2964142955132
400,96.684,0.17,0.55,0.05,0.28,0.0,0.0,0.0,1.64,0.45,0.0,470.0,930.0,0.0,0.0,200.0,15.0,60.0,930.0,850.0,440.0,30.0,120.0,1045.831133083745
401,97.338,0.2,0.77,0.2,0.32,0.0,0.0,0.0,0.4600000000000001,0.47,0.0,130.0,930.0,0.0,0.0,160.0,25.0,60.0,930.0,882.0,390.0,30.0,120.0,927.0
402,97.338,0.23,0.8499999999999999,0.07,0.29,0.0,0.0,0.0,0.44000000000000006,0.6,0.0,130.0,930.0,0.0,0.0,160.0,25.0,60.0,930.0,882.0,440.0,30.0,120.0,963.3034996888599
403,97.316,0.18,0.76,0.12,0.26,0.0,0.0,0.0,0.56,0.62,0.0,130.0,930.0,0.0,0.0,160.0,25.0,60.0,930.0,882.0,690.0,30.0,120.0,964.1436721593465
404,97.338,0.2,0.77,0.2,0.32,0.0,0.0,0.0,0.4600000000000001,0.47,0.0,450.0,930.0,0.0,0.0,160.0,35.0,60.0,930.0,896.0,390.0,30.0,120.0,956.0
405,97.338,0.23,0.8499999999999999,0.07,0.29,0.0,0.0,0.0,0.44000000000000006,0.6,0.0,450.0,930.0,0.0,0.0,160.0,35.0,60.0,930.0,896.0,440.0,30.0,120.0,1003.6605375133497
406,97.316,0.18,0.76,0.12,0.26,0.0,0.0,0.0,0.56,0.62,0.0,450.0,930.0,0.0,0.0,160.0,35.0,60.0,930.0,896.0,690.0,30.0,120.0,1004.2947938173173
407,97.338,0.2,0.77,0.2,0.32,0.0,0.0,0.0,0.4600000000000001,0.47,0.0,510.0,930.0,0.0,0.0,160.0,45.0,140.0,930.0,903.0,390.0,30.0,120.0,950.0095404747016
408,97.338,0.23,0.8499999999999999,0.07,0.29,0.0,0.0,0.0,0.44000000000000006,0.6,0.0,510.0,930.0,0.0,0.0,160.0,45.0,140.0,930.0,903.0,440.0,30.0,120.0,995.4792811510166
409,97.316,0.18,0.76,0.12,0.26,0.0,0.0,0.0,0.56,0.62,0.0,510.0,930.0,0.0,0.0,160.0,45.0,140.0,930.0,903.0,690.0,30.0,120.0,1080.0
410,97.338,0.2,0.77,0.2,0.32,0.0,0.0,0.0,0.4600000000000001,0.47,0.0,450.0,930.0,0.0,0.0,200.0,35.0,60.0,930.0,896.0,390.0,30.0,120.0,924.0
411,97.338,0.23,0.8499999999999999,0.07,0.29,0.0,0.0,0.0,0.44000000000000006,0.6,0.0,450.0,930.0,0.0,0.0,200.0,35.0,60.0,930.0,896.0,440.0,30.0,120.0,1009.0
412,97.316,0.18,0.76,0.12,0.26,0.0,0.0,0.0,0.56,0.62,0.0,450.0,930.0,0.0,0.0,200.0,35.0,60.0,930.0,896.0,690.0,30.0,120.0,1053.0
413,97.369,0.21,0.76,0.14,0.3,0.0,0.0,0.0,0.08,1.09,0.0,100.0,930.0,0.0,0.0,160.0,35.0,60.0,930.0,896.0,460.0,30.0,120.0,854.0
414,97.469,0.23,0.8,0.07,0.2,0.0,0.0,0.0,0.04,1.14,0.0,100.0,930.0,0.0,0.0,160.0,35.0,60.0,930.0,896.0,690.0,30.0,120.0,959.7117580636436
415,97.452,0.19,0.77,0.16,0.21,0.0,0.0,0.0,0.12,1.02,0.0,100.0,930.0,0.0,0.0,160.0,35.0,60.0,930.0,896.0,390.0,30.0,120.0,889.0
416,97.369,0.21,0.76,0.14,0.3,0.0,0.0,0.0,0.08,1.09,0.0,500.0,930.0,0.0,0.0,160.0,70.0,60.0,930.0,896.0,460.0,30.0,120.0,934.0366579489178
417,97.469,0.23,0.8,0.07,0.2,0.0,0.0,0.0,0.04,1.14,0.0,500.0,930.0,0.0,0.0,160.0,70.0,60.0,930.0,896.0,690.0,30.0,120.0,1057.0
418,97.452,0.19,0.77,0.16,0.21,0.0,0.0,0.0,0.12,1.02,0.0,500.0,930.0,0.0,0.0,160.0,70.0,60.0,930.0,896.0,390.0,30.0,120.0,948.572613750686
419,97.369,0.21,0.76,0.14,0.3,0.0,0.0,0.0,0.08,1.09,0.0,530.0,930.0,0.0,0.0,160.0,70.0,140.0,930.0,896.0,460.0,30.0,120.0,876.0
420,97.469,0.23,0.8,0.07,0.2,0.0,0.0,0.0,0.04,1.14,0.0,530.0,930.0,0.0,0.0,160.0,70.0,140.0,930.0,896.0,690.0,30.0,120.0,990.6678025908282
421,97.452,0.19,0.77,0.16,0.21,0.0,0.0,0.0,0.12,1.02,0.0,530.0,930.0,0.0,0.0,160.0,70.0,140.0,930.0,896.0,390.0,30.0,120.0,838.0
422,97.369,0.21,0.76,0.14,0.3,0.0,0.0,0.0,0.08,1.09,0.0,500.0,930.0,0.0,0.0,200.0,70.0,60.0,930.0,896.0,460.0,30.0,120.0,911.7933405602213
423,97.469,0.23,0.8,0.07,0.2,0.0,0.0,0.0,0.04,1.14,0.0,500.0,930.0,0.0,0.0,200.0,70.0,60.0,930.0,896.0,690.0,30.0,120.0,1120.0
424,97.452,0.19,0.77,0.16,0.21,0.0,0.0,0.0,0.12,1.02,0.0,500.0,930.0,0.0,0.0,200.0,70.0,60.0,930.0,896.0,390.0,30.0,120.0,898.0
425,97.169,0.21,0.81,0.07,0.31,0.0,0.0,0.0,0.06,1.17,0.0,90.0,930.0,0.0,0.0,160.0,50.0,60.0,930.0,882.0,690.0,30.0,120.0,1074.0
426,97.761,0.21,0.65,0.0,0.26,0.0,0.0,0.0,0.02,0.9099999999999999,0.0,90.0,930.0,0.0,0.0,160.0,50.0,60.0,930.0,882.0,240.0,30.0,120.0,1006.0
427,97.369,0.18,0.79,0.08,0.25,0.0,0.0,0.0,0.07,1.08,0.0,90.0,930.0,0.0,0.0,160.0,50.0,60.0,930.0,882.0,530.0,30.0,120.0,997.2640221373059
428,97.169,0.21,0.81,0.07,0.31,0.0,0.0,0.0,0.06,1.17,0.0,340.0,930.0,0.0,0.0,160.0,70.0,60.0,930.0,896.0,690.0,30.0,120.0,1144.0
429,97.761,0.21,0.65,0.0,0.26,0.0,0.0,0.0,0.02,0.9099999999999999,0.0,340.0,930.0,0.0,0.0,160.0,70.0,60.0,930.0,896.0,240.0,30.0,120.0,1028.0
430,97.369,0.18,0.79,0.08,0.25,0.0,0.0,0.0,0.07,1.08,0.0,340.0,930.0,0.0,0.0,160.0,70.0,60.0,930.0,896.0,530.0,30.0,120.0,948.0
431,97.169,0.21,0.81,0.07,0.31,0.0,0.0,0.0,0.06,1.17,0.0,340.0,930.0,0.0,0.0,160.0,70.0,140.0,930.0,896.0,690.0,30.0,120.0,1080.0
432,97.761,0.21,0.65,0.0,0.26,0.0,0.0,0.0,0.02,0.9099999999999999,0.0,340.0,930.0,0.0,0.0,160.0,70.0,140.0,930.0,896.0,240.0,30.0,120.0,1030.0
433,97.369,0.18,0.79,0.08,0.25,0.0,0.0,0.0,0.07,1.08,0.0,340.0,930.0,0.0,0.0,160.0,70.0,140.0,930.0,896.0,530.0,30.0,120.0,957.0
434,97.169,0.21,0.81,0.07,0.31,0.0,0.0,0.0,0.06,1.17,0.0,340.0,930.0,0.0,0.0,200.0,70.0,60.0,930.0,896.0,690.0,30.0,120.0,1052.8865801926495
435,97.761,0.21,0.65,0.0,0.26,0.0,0.0,0.0,0.02,0.9099999999999999,0.0,340.0,930.0,0.0,0.0,200.0,70.0,60.0,930.0,896.0,240.0,30.0,120.0,1008.0
436,97.369,0.18,0.79,0.08,0.25,0.0,0.0,0.0,0.07,1.08,0.0,340.0,930.0,0.0,0.0,200.0,70.0,60.0,930.0,896.0,530.0,30.0,120.0,882.0
